taxa,D,P,C,O,F,G,S,Species,B12-dependent RNR,metH,methylmalonyl-CoA mutase family,ethanolamine ammonia lyase,B12-dependent glycerol/diol dehydratase,"D-ornithine 4,5-aminomutase",epoxyqueuosine reductase,cobamide biosynthesis category,BiosynthesisCategory,B12_dep_gene_count,B12_dependence,Mean,Sebaceous_Mean,Moist_Mean,Dry_Mean,Foot_Mean
Bacteria;Actinobacteria;Actinomycetia;Actinomycetales;Actinomycetaceae;Actinomyces;Actinomyces naeslundii,Bacteria,Actinobacteria,Actinomycetia,Actinomycetales,Actinomycetaceae,Actinomyces,Actinomyces naeslundii,Actinomyces_naeslundii,FALSE,FALSE,FALSE,FALSE,FALSE,FALSE,FALSE,very likely non-producer,Non-producer,0,FALSE,0.04661228874701343,0.02126683299859648,0.0663541294487845,0.1329154736323794,0.011314760200066745
Bacteria;Actinobacteria;Actinomycetia;Actinomycetales;Actinomycetaceae;Actinomyces;Actinomyces oris,Bacteria,Actinobacteria,Actinomycetia,Actinomycetales,Actinomycetaceae,Actinomyces,Actinomyces oris,Actinomyces_oris,FALSE,FALSE,FALSE,FALSE,FALSE,FALSE,FALSE,very likely non-producer,Non-producer,0,FALSE,0.10744422414327963,0.051256458400436425,0.16260950133570512,0.26991772969456124,0.033373670127288806
Bacteria;Actinobacteria;Actinomycetia;Actinomycetales;Actinomycetaceae;Actinomyces;Actinomyces sp. HMT 175,Bacteria,Actinobacteria,Actinomycetia,Actinomycetales,Actinomycetaceae,Actinomyces,Actinomyces sp. HMT 175,Actinomyces_sp._HMT_175,FALSE,FALSE,FALSE,FALSE,FALSE,FALSE,FALSE,NA,Non-producer,0,FALSE,0.04785201665597157,0.018978769043335973,0.0755422022917245,0.12571120232979638,0.015458463458408326
Bacteria;Actinobacteria;Actinomycetia;Actinomycetales;Actinomycetaceae;Actinomyces;Actinomyces sp. oral taxon 169,Bacteria,Actinobacteria,Actinomycetia,Actinomycetales,Actinomycetaceae,Actinomyces,Actinomyces sp. oral taxon 169,Actinomyces_sp._oral_taxon_169,FALSE,FALSE,FALSE,FALSE,FALSE,FALSE,FALSE,NA,Non-producer,0,FALSE,0.0609186900671365,0.028364553406822392,0.08760967074259492,0.16274455961139955,0.020645827066979927
Bacteria;Actinobacteria;Actinomycetia;Actinomycetales;Actinomycetaceae;Actinomyces;Actinomyces sp. oral taxon 171,Bacteria,Actinobacteria,Actinomycetia,Actinomycetales,Actinomycetaceae,Actinomyces,Actinomyces sp. oral taxon 171,Actinomyces_sp._oral_taxon_171,FALSE,FALSE,FALSE,FALSE,FALSE,FALSE,FALSE,NA,Non-producer,0,FALSE,0.028605087667650877,0.013090660529603362,0.04256820285691051,0.07615683050978203,0.00811009371358915
Bacteria;Actinobacteria;Actinomycetia;Actinomycetales;Actinomycetaceae;Actinomyces;Actinomyces sp. oral taxon 414,Bacteria,Actinobacteria,Actinomycetia,Actinomycetales,Actinomycetaceae,Actinomyces,Actinomyces sp. oral taxon 414,Actinomyces_sp._oral_taxon_414,FALSE,FALSE,FALSE,FALSE,FALSE,FALSE,FALSE,NA,Non-producer,0,FALSE,0.03781475676031015,0.023803127142842453,0.022917887147147663,0.1526972313382079,0.007337097895241458
Bacteria;Actinobacteria;Actinomycetia;Actinomycetales;Actinomycetaceae;Mobiluncus;Mobiluncus curtisii,Bacteria,Actinobacteria,Actinomycetia,Actinomycetales,Actinomycetaceae,Mobiluncus,Mobiluncus curtisii,Mobiluncus_curtisii,FALSE,FALSE,FALSE,FALSE,FALSE,FALSE,FALSE,very likely non-producer,Non-producer,0,FALSE,0.07525404587583069,0.0012237834960103203,0.2679771411871923,0.005423462737227474,0.005562731164330975
Bacteria;Actinobacteria;Actinomycetia;Actinomycetales;Actinomycetaceae;Schaalia;Schaalia odontolytica,Bacteria,Actinobacteria,Actinomycetia,Actinomycetales,Actinomycetaceae,Schaalia,Schaalia odontolytica,Schaalia_odontolytica,FALSE,FALSE,FALSE,FALSE,FALSE,FALSE,FALSE,NA,Non-producer,0,FALSE,0.045371258916960366,0.018274821003355476,0.07290789225849753,0.11982553499174224,0.011237723670339506
Bacteria;Actinobacteria;Actinomycetia;Bifidobacteriales;Bifidobacteriaceae;Gardnerella;Gardnerella vaginalis,Bacteria,Actinobacteria,Actinomycetia,Bifidobacteriales,Bifidobacteriaceae,Gardnerella,Gardnerella vaginalis,Gardnerella_vaginalis,FALSE,FALSE,FALSE,FALSE,FALSE,FALSE,FALSE,very likely non-producer,Non-producer,0,FALSE,0.18418282753099213,0.018363881045673203,0.5579952106245055,0.1341629458757764,0.039308557355567805
Bacteria;Actinobacteria;Actinomycetia;Corynebacteriales;Corynebacteriaceae;Corynebacterium;Corynebacterium amycolatum,Bacteria,Actinobacteria,Actinomycetia,Corynebacteriales,Corynebacteriaceae,Corynebacterium,Corynebacterium amycolatum,Corynebacterium_amycolatum,FALSE,TRUE,TRUE,FALSE,FALSE,FALSE,FALSE,likely corrinoid producer,Producer,2,TRUE,0.48856246162259287,0.05501034565189845,1.4889253480299973,0.15570168448402208,0.23477889671734728
Bacteria;Actinobacteria;Actinomycetia;Corynebacteriales;Corynebacteriaceae;Corynebacterium;Corynebacterium aurimucosum,Bacteria,Actinobacteria,Actinomycetia,Corynebacteriales,Corynebacteriaceae,Corynebacterium,Corynebacterium aurimucosum,Corynebacterium_aurimucosum,FALSE,FALSE,FALSE,FALSE,FALSE,FALSE,FALSE,very likely non-producer,Non-producer,0,FALSE,0.15979268605534253,0.030141277570979126,0.35404042179819417,0.10105489845578447,0.22745778032135905
Bacteria;Actinobacteria;Actinomycetia;Corynebacteriales;Corynebacteriaceae;Corynebacterium;Corynebacterium camporealensis,Bacteria,Actinobacteria,Actinomycetia,Corynebacteriales,Corynebacteriaceae,Corynebacterium,Corynebacterium camporealensis,Corynebacterium_camporealensis,FALSE,FALSE,FALSE,FALSE,FALSE,FALSE,FALSE,very likely non-producer,Non-producer,0,FALSE,0.016618809841714138,0.0021307294874752334,0.02241448134031502,0.006525745046988279,0.05382590898690484
Bacteria;Actinobacteria;Actinomycetia;Corynebacteriales;Corynebacteriaceae;Corynebacterium;Corynebacterium diphtheriae,Bacteria,Actinobacteria,Actinomycetia,Corynebacteriales,Corynebacteriaceae,Corynebacterium,Corynebacterium diphtheriae,Corynebacterium_diphtheriae,FALSE,TRUE,TRUE,FALSE,FALSE,FALSE,FALSE,likely corrinoid producer,Producer,2,TRUE,0.038216734059218875,0.004987241864604042,0.049677453043126485,0.013425669651687344,0.12796850743115992
Bacteria;Actinobacteria;Actinomycetia;Corynebacteriales;Corynebacteriaceae;Corynebacterium;Corynebacterium doosanense,Bacteria,Actinobacteria,Actinomycetia,Corynebacteriales,Corynebacteriaceae,Corynebacterium,Corynebacterium doosanense,Corynebacterium_doosanense,FALSE,FALSE,FALSE,FALSE,FALSE,FALSE,FALSE,very likely non-producer,Non-producer,0,FALSE,0.019298961362031453,0.0021752705651861023,0.03400490865542663,0.007085387891493877,0.05027919320539396
Bacteria;Actinobacteria;Actinomycetia;Corynebacteriales;Corynebacteriaceae;Corynebacterium;Corynebacterium endometrii,Bacteria,Actinobacteria,Actinomycetia,Corynebacteriales,Corynebacteriaceae,Corynebacterium,Corynebacterium endometrii,Corynebacterium_endometrii,FALSE,FALSE,FALSE,FALSE,FALSE,FALSE,FALSE,NA,Non-producer,0,FALSE,0.0166860427853314,0.0018854435325205083,0.020335561217758365,0.005332090770763841,0.059364444296585085
Bacteria;Actinobacteria;Actinomycetia;Corynebacteriales;Corynebacteriaceae;Corynebacterium;Corynebacterium frankenforstense,Bacteria,Actinobacteria,Actinomycetia,Corynebacteriales,Corynebacteriaceae,Corynebacterium,Corynebacterium frankenforstense,Corynebacterium_frankenforstense,FALSE,FALSE,FALSE,FALSE,FALSE,FALSE,FALSE,NA,Non-producer,0,FALSE,0.02292728171093744,0.002421572306318215,0.03420877611369772,0.005661046746572247,0.07282041868852251
Bacteria;Actinobacteria;Actinomycetia;Corynebacteriales;Corynebacteriaceae;Corynebacterium;Corynebacterium genitalium,Bacteria,Actinobacteria,Actinomycetia,Corynebacteriales,Corynebacteriaceae,Corynebacterium,Corynebacterium genitalium,Corynebacterium_genitalium,FALSE,FALSE,FALSE,FALSE,FALSE,FALSE,FALSE,very likely non-producer,Non-producer,0,FALSE,0.10712243421833224,0.019040138807602778,0.2827543347591404,0.05566451000244288,0.08894104000641728
Bacteria;Actinobacteria;Actinomycetia;Corynebacteriales;Corynebacteriaceae;Corynebacterium;Corynebacterium glaucum,Bacteria,Actinobacteria,Actinomycetia,Corynebacteriales,Corynebacteriaceae,Corynebacterium,Corynebacterium glaucum,Corynebacterium_glaucum,FALSE,FALSE,FALSE,FALSE,FALSE,FALSE,FALSE,NA,Non-producer,0,FALSE,0.23819370794940223,0.021361415600104624,0.7196903460407309,0.07561716749617836,0.13978706940175753
Bacteria;Actinobacteria;Actinomycetia;Corynebacteriales;Corynebacteriaceae;Corynebacterium;Corynebacterium glucuronolyticum,Bacteria,Actinobacteria,Actinomycetia,Corynebacteriales,Corynebacteriaceae,Corynebacterium,Corynebacterium glucuronolyticum,Corynebacterium_glucuronolyticum,FALSE,FALSE,TRUE,FALSE,FALSE,FALSE,FALSE,likely corrinoid producer,Producer,1,TRUE,0.39494396426686185,0.008470952607615892,1.3944869005429466,0.04188119292042317,0.032866101069182224
Bacteria;Actinobacteria;Actinomycetia;Corynebacteriales;Corynebacteriaceae;Corynebacterium;Corynebacterium glutamicum,Bacteria,Actinobacteria,Actinomycetia,Corynebacteriales,Corynebacteriaceae,Corynebacterium,Corynebacterium glutamicum,Corynebacterium_glutamicum,FALSE,TRUE,TRUE,FALSE,FALSE,FALSE,FALSE,very likely non-producer,Non-producer,2,TRUE,0.06768518596377869,0.008256344217208429,0.10177250326474917,0.024130294335115987,0.2046864504271325
Bacteria;Actinobacteria;Actinomycetia;Corynebacteriales;Corynebacteriaceae;Corynebacterium;Corynebacterium imitans,Bacteria,Actinobacteria,Actinomycetia,Corynebacteriales,Corynebacteriaceae,Corynebacterium,Corynebacterium imitans,Corynebacterium_imitans,FALSE,FALSE,FALSE,FALSE,FALSE,FALSE,FALSE,very likely non-producer,Non-producer,0,FALSE,0.12570771932550873,0.02440414910185088,0.2690702189040118,0.05633936682293126,0.2117592031043402
Bacteria;Actinobacteria;Actinomycetia;Corynebacteriales;Corynebacteriaceae;Corynebacterium;Corynebacterium jeikeium,Bacteria,Actinobacteria,Actinomycetia,Corynebacteriales,Corynebacteriaceae,Corynebacterium,Corynebacterium jeikeium,Corynebacterium_jeikeium,FALSE,FALSE,FALSE,FALSE,FALSE,FALSE,FALSE,very likely non-producer,Non-producer,0,FALSE,0.21010860463227737,0.020019700804572247,0.40233263843108097,0.10244418582861237,0.4826216358696612
Bacteria;Actinobacteria;Actinomycetia;Corynebacteriales;Corynebacteriaceae;Corynebacterium;Corynebacterium kefirresidentii,Bacteria,Actinobacteria,Actinomycetia,Corynebacteriales,Corynebacteriaceae,Corynebacterium,Corynebacterium kefirresidentii,Corynebacterium_kefirresidentii,FALSE,FALSE,FALSE,FALSE,FALSE,FALSE,FALSE,NA,Non-producer,0,FALSE,1.5404113313858026,0.5508119076184489,2.649404317287989,0.7211244259236048,2.986469216846374
Bacteria;Actinobacteria;Actinomycetia;Corynebacteriales;Corynebacteriaceae;Corynebacterium;Corynebacterium kroppenstedtii,Bacteria,Actinobacteria,Actinomycetia,Corynebacteriales,Corynebacteriaceae,Corynebacterium,Corynebacterium kroppenstedtii,Corynebacterium_kroppenstedtii,FALSE,TRUE,TRUE,TRUE,FALSE,FALSE,FALSE,possible corrinoid producer,Producer,3,TRUE,0.12918669749711414,0.15893124773008152,0.10574329698172245,0.20530845678248638,0.027353878509907534
Bacteria;Actinobacteria;Actinomycetia;Corynebacteriales;Corynebacteriaceae;Corynebacterium;Corynebacterium macginleyi,Bacteria,Actinobacteria,Actinomycetia,Corynebacteriales,Corynebacteriaceae,Corynebacterium,Corynebacterium macginleyi,Corynebacterium_macginleyi,FALSE,FALSE,FALSE,FALSE,FALSE,FALSE,FALSE,NA,Non-producer,0,FALSE,0.0763027179819037,0.01390310421378098,0.11572400166927357,0.03618382161244833,0.20949381860447214
Bacteria;Actinobacteria;Actinomycetia;Corynebacteriales;Corynebacteriaceae;Corynebacterium;Corynebacterium matruchotii,Bacteria,Actinobacteria,Actinomycetia,Corynebacteriales,Corynebacteriaceae,Corynebacterium,Corynebacterium matruchotii,Corynebacterium_matruchotii,FALSE,TRUE,TRUE,FALSE,FALSE,FALSE,FALSE,likely corrinoid producer,Producer,2,TRUE,0.07997797684849403,0.036081417668628026,0.12608689737506923,0.18456474424237135,0.03514358094088659
Bacteria;Actinobacteria;Actinomycetia;Corynebacteriales;Corynebacteriaceae;Corynebacterium;Corynebacterium minutissimum,Bacteria,Actinobacteria,Actinomycetia,Corynebacteriales,Corynebacteriaceae,Corynebacterium,Corynebacterium minutissimum,Corynebacterium_minutissimum,FALSE,FALSE,FALSE,FALSE,FALSE,FALSE,FALSE,very likely non-producer,Non-producer,0,FALSE,0.18218374979689184,0.01858631773812398,0.23176772081576613,0.07736320982809354,0.6216103737579326
Bacteria;Actinobacteria;Actinomycetia;Corynebacteriales;Corynebacteriaceae;Corynebacterium;Corynebacterium mycetoides,Bacteria,Actinobacteria,Actinomycetia,Corynebacteriales,Corynebacteriaceae,Corynebacterium,Corynebacterium mycetoides,Corynebacterium_mycetoides,FALSE,FALSE,FALSE,FALSE,FALSE,FALSE,FALSE,very likely non-producer,Non-producer,0,FALSE,0.054699862880302395,0.007006957221044269,0.11515023634247941,0.01878660936685403,0.10970743378314098
Bacteria;Actinobacteria;Actinomycetia;Corynebacteriales;Corynebacteriaceae;Corynebacterium;Corynebacterium propinquum,Bacteria,Actinobacteria,Actinomycetia,Corynebacteriales,Corynebacteriaceae,Corynebacterium,Corynebacterium propinquum,Corynebacterium_propinquum,FALSE,FALSE,FALSE,FALSE,FALSE,FALSE,FALSE,very likely non-producer,Non-producer,0,FALSE,0.03482252526094696,0.014903444894304937,0.0567503148352211,0.03793361696953239,0.04871340646116039
Bacteria;Actinobacteria;Actinomycetia;Corynebacteriales;Corynebacteriaceae;Corynebacterium;Corynebacterium resistens,Bacteria,Actinobacteria,Actinomycetia,Corynebacteriales,Corynebacteriaceae,Corynebacterium,Corynebacterium resistens,Corynebacterium_resistens,FALSE,FALSE,FALSE,FALSE,FALSE,FALSE,FALSE,very likely non-producer,Non-producer,0,FALSE,0.19796677722763684,0.001818670766486327,0.02079207210412389,0.006172367081347345,1.1767566828899543
Bacteria;Actinobacteria;Actinomycetia;Corynebacteriales;Corynebacteriaceae;Corynebacterium;Corynebacterium riegelii,Bacteria,Actinobacteria,Actinomycetia,Corynebacteriales,Corynebacteriaceae,Corynebacterium,Corynebacterium riegelii,Corynebacterium_riegelii,FALSE,FALSE,FALSE,FALSE,FALSE,FALSE,FALSE,very likely non-producer,Non-producer,0,FALSE,0.1962233791967387,0.026920563072412005,0.5285951300993994,0.061918376220369796,0.19872493528191396
Bacteria;Actinobacteria;Actinomycetia;Corynebacteriales;Corynebacteriaceae;Corynebacterium;Corynebacterium sanguinis,Bacteria,Actinobacteria,Actinomycetia,Corynebacteriales,Corynebacteriaceae,Corynebacterium,Corynebacterium sanguinis,Corynebacterium_sanguinis,FALSE,FALSE,FALSE,FALSE,FALSE,FALSE,FALSE,NA,Non-producer,0,FALSE,0.1203304059797639,0.07060035664165246,0.18640510075904224,0.16659093100527061,0.10475189240677805
Bacteria;Actinobacteria;Actinomycetia;Corynebacteriales;Corynebacteriaceae;Corynebacterium;Corynebacterium segmentosum,Bacteria,Actinobacteria,Actinomycetia,Corynebacteriales,Corynebacteriaceae,Corynebacterium,Corynebacterium segmentosum,Corynebacterium_segmentosum,FALSE,FALSE,FALSE,FALSE,FALSE,FALSE,FALSE,NA,Non-producer,0,FALSE,0.3586534713836795,0.05740289716721609,0.9845643033866044,0.22316113615632358,0.2211834111930944
Bacteria;Actinobacteria;Actinomycetia;Corynebacteriales;Corynebacteriaceae;Corynebacterium;Corynebacterium simulans,Bacteria,Actinobacteria,Actinomycetia,Corynebacteriales,Corynebacteriaceae,Corynebacterium,Corynebacterium simulans,Corynebacterium_simulans,FALSE,FALSE,FALSE,FALSE,FALSE,FALSE,FALSE,very likely non-producer,Non-producer,0,FALSE,0.36664269540603206,0.04072333452985457,0.9667504353056856,0.19542916618237452,0.3675956231145347
Bacteria;Actinobacteria;Actinomycetia;Corynebacteriales;Corynebacteriaceae;Corynebacterium;Corynebacterium singulare,Bacteria,Actinobacteria,Actinomycetia,Corynebacteriales,Corynebacteriaceae,Corynebacterium,Corynebacterium singulare,Corynebacterium_singulare,FALSE,FALSE,FALSE,FALSE,FALSE,FALSE,FALSE,very likely non-producer,Non-producer,0,FALSE,0.1255954934404601,0.03221381294047732,0.2528272500023069,0.11568897384423156,0.16942358277184438
Bacteria;Actinobacteria;Actinomycetia;Corynebacteriales;Corynebacteriaceae;Corynebacterium;Corynebacterium sp. 2183,Bacteria,Actinobacteria,Actinomycetia,Corynebacteriales,Corynebacteriaceae,Corynebacterium,Corynebacterium sp. 2183,Corynebacterium_sp._2183,FALSE,FALSE,FALSE,FALSE,FALSE,FALSE,FALSE,NA,Non-producer,0,FALSE,0.015903314471810107,0.001994018625563059,0.029811531866810202,0.005322613389143637,0.038298099626707466
Bacteria;Actinobacteria;Actinomycetia;Corynebacteriales;Corynebacteriaceae;Corynebacterium;Corynebacterium sp. 2184,Bacteria,Actinobacteria,Actinomycetia,Corynebacteriales,Corynebacteriaceae,Corynebacterium,Corynebacterium sp. 2184,Corynebacterium_sp._2184,FALSE,FALSE,FALSE,FALSE,FALSE,FALSE,FALSE,NA,Non-producer,0,FALSE,0.029615144901887117,0.003554333114716783,0.06129444578818495,0.009851094513164124,0.06206342211691477
Bacteria;Actinobacteria;Actinomycetia;Corynebacteriales;Corynebacteriaceae;Corynebacterium;Corynebacterium sp. FDAARGOS 1242,Bacteria,Actinobacteria,Actinomycetia,Corynebacteriales,Corynebacteriaceae,Corynebacterium,Corynebacterium sp. FDAARGOS 1242,Corynebacterium_sp._FDAARGOS_1242,FALSE,FALSE,FALSE,FALSE,FALSE,FALSE,FALSE,NA,Non-producer,0,FALSE,0.0895947538945004,0.011035953570175191,0.14411775249895198,0.051158642058681786,0.23925979961216007
Bacteria;Actinobacteria;Actinomycetia;Corynebacteriales;Corynebacteriaceae;Corynebacterium;Corynebacterium sp. Marseille-Q3630,Bacteria,Actinobacteria,Actinomycetia,Corynebacteriales,Corynebacteriaceae,Corynebacterium,Corynebacterium sp. Marseille-Q3630,Corynebacterium_sp._Marseille-Q3630,FALSE,FALSE,FALSE,FALSE,FALSE,FALSE,FALSE,NA,Non-producer,0,FALSE,0.023994912773381432,0.0024895968662787997,0.03453648751429926,0.0077294842819524,0.07699911906783198
Bacteria;Actinobacteria;Actinomycetia;Corynebacteriales;Corynebacteriaceae;Corynebacterium;Corynebacterium sp. MC1420,Bacteria,Actinobacteria,Actinomycetia,Corynebacteriales,Corynebacteriaceae,Corynebacterium,Corynebacterium sp. MC1420,Corynebacterium_sp._MC1420,FALSE,FALSE,FALSE,FALSE,FALSE,FALSE,FALSE,NA,Non-producer,0,FALSE,0.03244581673782253,0.0038074319210742507,0.06660166691696291,0.011178815200500007,0.06884301184295201
Bacteria;Actinobacteria;Actinomycetia;Corynebacteriales;Corynebacteriaceae;Corynebacterium;Corynebacterium sp. NML98-0116,Bacteria,Actinobacteria,Actinomycetia,Corynebacteriales,Corynebacteriaceae,Corynebacterium,Corynebacterium sp. NML98-0116,Corynebacterium_sp._NML98-0116,FALSE,FALSE,FALSE,FALSE,FALSE,FALSE,FALSE,NA,Non-producer,0,FALSE,0.09110446529541984,0.023461854598422344,0.20769329669347217,0.043986407487171565,0.11408741828531732
Bacteria;Actinobacteria;Actinomycetia;Corynebacteriales;Corynebacteriaceae;Corynebacterium;Corynebacterium sp. zg-917,Bacteria,Actinobacteria,Actinomycetia,Corynebacteriales,Corynebacteriaceae,Corynebacterium,Corynebacterium sp. zg-917,Corynebacterium_sp._zg-917,FALSE,FALSE,FALSE,FALSE,FALSE,FALSE,FALSE,NA,Non-producer,0,FALSE,0.34928429443144515,0.0319992120261958,0.6506397030437218,0.09700515368974753,0.8957575930484842
Bacteria;Actinobacteria;Actinomycetia;Corynebacteriales;Corynebacteriaceae;Corynebacterium;Corynebacterium striatum,Bacteria,Actinobacteria,Actinomycetia,Corynebacteriales,Corynebacteriaceae,Corynebacterium,Corynebacterium striatum,Corynebacterium_striatum,FALSE,FALSE,FALSE,FALSE,FALSE,FALSE,FALSE,very likely non-producer,Non-producer,0,FALSE,0.3121876214851016,0.01613084410974456,0.19512821488270943,0.05990475009886975,1.506251080494279
Bacteria;Actinobacteria;Actinomycetia;Corynebacteriales;Corynebacteriaceae;Corynebacterium;Corynebacterium timonense,Bacteria,Actinobacteria,Actinomycetia,Corynebacteriales,Corynebacteriaceae,Corynebacterium,Corynebacterium timonense,Corynebacterium_timonense,FALSE,FALSE,FALSE,FALSE,FALSE,FALSE,FALSE,very likely non-producer,Non-producer,0,FALSE,0.044368271544333295,0.004782467809871697,0.09090091576982864,0.013600436839075367,0.09693405925299473
Bacteria;Actinobacteria;Actinomycetia;Corynebacteriales;Corynebacteriaceae;Corynebacterium;Corynebacterium tuberculostearicum,Bacteria,Actinobacteria,Actinomycetia,Corynebacteriales,Corynebacteriaceae,Corynebacterium,Corynebacterium tuberculostearicum,Corynebacterium_tuberculostearicum,FALSE,FALSE,FALSE,FALSE,FALSE,FALSE,FALSE,very likely non-producer,Non-producer,0,FALSE,6.448106464584519,0.6596940413009963,7.735882282486876,2.631504420566471,22.868835256490936
Bacteria;Actinobacteria;Actinomycetia;Corynebacteriales;Corynebacteriaceae;Corynebacterium;Corynebacterium urealyticum,Bacteria,Actinobacteria,Actinomycetia,Corynebacteriales,Corynebacteriaceae,Corynebacterium,Corynebacterium urealyticum,Corynebacterium_urealyticum,FALSE,FALSE,FALSE,FALSE,FALSE,FALSE,FALSE,very likely non-producer,Non-producer,0,FALSE,0.033164951319554284,0.0035266443433782935,0.050135299492725716,0.01017624131451654,0.10256650902527371
Bacteria;Actinobacteria;Actinomycetia;Corynebacteriales;Corynebacteriaceae;Corynebacterium;Corynebacterium ureicelerivorans,Bacteria,Actinobacteria,Actinomycetia,Corynebacteriales,Corynebacteriaceae,Corynebacterium,Corynebacterium ureicelerivorans,Corynebacterium_ureicelerivorans,FALSE,FALSE,FALSE,FALSE,FALSE,FALSE,FALSE,very likely non-producer,Non-producer,0,FALSE,1.0374244302663622,0.1394245117277574,2.5593539887089967,0.2961776896782135,1.4798313023636542
Bacteria;Actinobacteria;Actinomycetia;Corynebacteriales;Corynebacteriaceae;Corynebacterium;Corynebacterium xerosis,Bacteria,Actinobacteria,Actinomycetia,Corynebacteriales,Corynebacteriaceae,Corynebacterium,Corynebacterium xerosis,Corynebacterium_xerosis,FALSE,TRUE,TRUE,FALSE,FALSE,FALSE,FALSE,likely corrinoid producer,Producer,2,TRUE,0.02388942633476732,0.003853894841038638,0.054097047373984304,0.01914073349095543,0.03052002955896628
Bacteria;Actinobacteria;Actinomycetia;Corynebacteriales;Dietziaceae;Dietzia;Dietzia sp. oral taxon 368,Bacteria,Actinobacteria,Actinomycetia,Corynebacteriales,Dietziaceae,Dietzia,Dietzia sp. oral taxon 368,Dietzia_sp._oral_taxon_368,FALSE,TRUE,TRUE,FALSE,FALSE,FALSE,FALSE,NA,Producer,2,TRUE,0.03990015492040554,0.01661634135323539,0.06378645964554781,0.06925322046356758,0.038242583353952274
Bacteria;Actinobacteria;Actinomycetia;Corynebacteriales;Gordoniaceae;Gordonia;Gordonia bronchialis,Bacteria,Actinobacteria,Actinomycetia,Corynebacteriales,Gordoniaceae,Gordonia,Gordonia bronchialis,Gordonia_bronchialis,FALSE,TRUE,TRUE,TRUE,FALSE,FALSE,FALSE,possible corrinoid producer,Producer,3,TRUE,0.1346349479449148,0.03536770757493218,0.24948692037355782,0.35470632870303853,0.02875065220721698
Bacteria;Actinobacteria;Actinomycetia;Corynebacteriales;Gordoniaceae;Gordonia;Gordonia polyisoprenivorans,Bacteria,Actinobacteria,Actinomycetia,Corynebacteriales,Gordoniaceae,Gordonia,Gordonia polyisoprenivorans,Gordonia_polyisoprenivorans,FALSE,TRUE,TRUE,TRUE,FALSE,FALSE,FALSE,possible corrinoid producer,Producer,3,TRUE,0.018586622013534598,0.0012135378355433637,0.041937160660074246,0.015510326021279873,0.0282786296991001
Bacteria;Actinobacteria;Actinomycetia;Corynebacteriales;Gordoniaceae;Gordonia;Gordonia sp. JH63,Bacteria,Actinobacteria,Actinomycetia,Corynebacteriales,Gordoniaceae,Gordonia,Gordonia sp. JH63,Gordonia_sp._JH63,FALSE,TRUE,TRUE,TRUE,FALSE,FALSE,FALSE,NA,Producer,3,TRUE,0.024391273566796403,0.004285843812694727,0.0368393641914803,0.020407129171477065,0.06048858472135316
Bacteria;Actinobacteria;Actinomycetia;Corynebacteriales;Gordoniaceae;Gordonia;Gordonia terrae,Bacteria,Actinobacteria,Actinomycetia,Corynebacteriales,Gordoniaceae,Gordonia,Gordonia terrae,Gordonia_terrae,FALSE,TRUE,TRUE,TRUE,FALSE,FALSE,FALSE,possible corrinoid producer,Producer,3,TRUE,0.02739788571424767,0.006725135735285016,0.04188588462571661,0.02728675429546477,0.05844212845003677
Bacteria;Actinobacteria;Actinomycetia;Corynebacteriales;Lawsonellaceae;Lawsonella;Lawsonella clevelandensis,Bacteria,Actinobacteria,Actinomycetia,Corynebacteriales,Lawsonellaceae,Lawsonella,Lawsonella clevelandensis,Lawsonella_clevelandensis,FALSE,FALSE,FALSE,FALSE,FALSE,FALSE,FALSE,NA,Non-producer,0,FALSE,0.10654476940943079,0.07412180071204996,0.18539478153771513,0.13009958665251142,0.04151816134458353
Bacteria;Actinobacteria;Actinomycetia;Corynebacteriales;Mycobacteriaceae;Mycobacterium;Mycobacterium avium,Bacteria,Actinobacteria,Actinomycetia,Corynebacteriales,Mycobacteriaceae,Mycobacterium,Mycobacterium avium,Mycobacterium_avium,FALSE,TRUE,TRUE,FALSE,FALSE,FALSE,FALSE,likely corrinoid producer,Producer,2,TRUE,0.019098306442042013,0.005202586042442191,0.03620970065236822,0.03708182093689088,0.012923426782189468
Bacteria;Actinobacteria;Actinomycetia;Corynebacteriales;Mycobacteriaceae;Mycolicibacterium;Mycolicibacterium phocaicum,Bacteria,Actinobacteria,Actinomycetia,Corynebacteriales,Mycobacteriaceae,Mycolicibacterium,Mycolicibacterium phocaicum,Mycolicibacterium_phocaicum,FALSE,TRUE,TRUE,TRUE,FALSE,FALSE,FALSE,NA,Producer,3,TRUE,0.06830183545008388,0.015426409368393948,0.1561912532010632,0.10399060569433878,0.03298257924457579
Bacteria;Actinobacteria;Actinomycetia;Corynebacteriales;Nocardiaceae;Rhodococcus;Rhodococcus fascians,Bacteria,Actinobacteria,Actinomycetia,Corynebacteriales,Nocardiaceae,Rhodococcus,Rhodococcus fascians,Rhodococcus_fascians,FALSE,TRUE,TRUE,TRUE,FALSE,FALSE,FALSE,likely non-producer,Non-producer,3,TRUE,0.016287032738056005,0.00260597298819291,0.02066044621335915,0.03106432725465258,0.033579859267404685
Bacteria;Actinobacteria;Actinomycetia;Corynebacteriales;Nocardiaceae;Rhodococcus;Rhodococcus sp. PBTS 1,Bacteria,Actinobacteria,Actinomycetia,Corynebacteriales,Nocardiaceae,Rhodococcus,Rhodococcus sp. PBTS 1,Rhodococcus_sp._PBTS_1,FALSE,TRUE,TRUE,TRUE,FALSE,FALSE,FALSE,NA,Producer,3,TRUE,0.021545135276680717,0.002639603757483014,0.0261010586188497,0.024012505597872016,0.06249033035573889
Bacteria;Actinobacteria;Actinomycetia;Geodermatophilales;Geodermatophilaceae;Modestobacter;Modestobacter marinus,Bacteria,Actinobacteria,Actinomycetia,Geodermatophilales,Geodermatophilaceae,Modestobacter,Modestobacter marinus,Modestobacter_marinus,FALSE,TRUE,TRUE,TRUE,TRUE,FALSE,FALSE,NA,Producer,4,TRUE,0.02007750761856196,0.0031661212797006255,0.016705987331977395,0.030420756657895523,0.0626496907865059
Bacteria;Actinobacteria;Actinomycetia;Micrococcales;Brevibacteriaceae;Brevibacterium;Brevibacterium casei,Bacteria,Actinobacteria,Actinomycetia,Micrococcales,Brevibacteriaceae,Brevibacterium,Brevibacterium casei,Brevibacterium_casei,FALSE,FALSE,FALSE,FALSE,FALSE,FALSE,FALSE,very likely non-producer,Non-producer,0,FALSE,0.09535096177273131,0.010377129681189133,0.2730318530726927,0.044813344661891394,0.06465241037475743
Bacteria;Actinobacteria;Actinomycetia;Micrococcales;Brevibacteriaceae;Brevibacterium;Brevibacterium luteolum,Bacteria,Actinobacteria,Actinomycetia,Micrococcales,Brevibacteriaceae,Brevibacterium,Brevibacterium luteolum,Brevibacterium_luteolum,FALSE,FALSE,FALSE,FALSE,FALSE,FALSE,FALSE,NA,Non-producer,0,FALSE,0.0356994171643889,0.005763694440514987,0.03249779901753405,0.0184472921296346,0.1352102598461016
Bacteria;Actinobacteria;Actinomycetia;Micrococcales;Brevibacteriaceae;Brevibacterium;Brevibacterium sp. CS2,Bacteria,Actinobacteria,Actinomycetia,Micrococcales,Brevibacteriaceae,Brevibacterium,Brevibacterium sp. CS2,Brevibacterium_sp._CS2,FALSE,FALSE,FALSE,FALSE,FALSE,FALSE,FALSE,NA,Non-producer,0,FALSE,0.04992165933263078,0.01768488370001063,0.03867993440895383,0.14630865353539607,0.07706672049935506
Bacteria;Actinobacteria;Actinomycetia;Micrococcales;Dermabacteraceae;Dermabacter;Dermabacter jinjuensis,Bacteria,Actinobacteria,Actinomycetia,Micrococcales,Dermabacteraceae,Dermabacter,Dermabacter jinjuensis,Dermabacter_jinjuensis,FALSE,FALSE,FALSE,FALSE,FALSE,FALSE,FALSE,NA,Non-producer,0,FALSE,0.07792899631030034,0.007872372389115067,0.17416447192976092,0.030772751310535116,0.14167149481571048
Bacteria;Actinobacteria;Actinomycetia;Micrococcales;Dermabacteraceae;Dermabacter;Dermabacter vaginalis,Bacteria,Actinobacteria,Actinomycetia,Micrococcales,Dermabacteraceae,Dermabacter,Dermabacter vaginalis,Dermabacter_vaginalis,FALSE,FALSE,FALSE,FALSE,FALSE,FALSE,FALSE,NA,Non-producer,0,FALSE,0.05077395272328797,0.01083615777382361,0.10256670330101875,0.04048836844616563,0.07883325903606452
Bacteria;Actinobacteria;Actinomycetia;Micrococcales;Dermacoccaceae;Dermacoccus;Dermacoccus nishinomiyaensis,Bacteria,Actinobacteria,Actinomycetia,Micrococcales,Dermacoccaceae,Dermacoccus,Dermacoccus nishinomiyaensis,Dermacoccus_nishinomiyaensis,TRUE,TRUE,TRUE,FALSE,FALSE,FALSE,FALSE,possible corrinoid producer,Producer,3,TRUE,0.2230490508765731,0.10668984492076208,0.41804175836993274,0.2899698051155517,0.15207454064546624
Bacteria;Actinobacteria;Actinomycetia;Micrococcales;Intrasporangiaceae;Janibacter;Janibacter indicus,Bacteria,Actinobacteria,Actinomycetia,Micrococcales,Intrasporangiaceae,Janibacter,Janibacter indicus,Janibacter_indicus,FALSE,TRUE,TRUE,FALSE,TRUE,FALSE,FALSE,NA,Producer,3,TRUE,0.055710397900359844,0.02530274799847202,0.10579279263724549,0.08343527120973232,0.030341632868000935
Bacteria;Actinobacteria;Actinomycetia;Micrococcales;Intrasporangiaceae;Janibacter;Janibacter melonis,Bacteria,Actinobacteria,Actinomycetia,Micrococcales,Intrasporangiaceae,Janibacter,Janibacter melonis,Janibacter_melonis,TRUE,TRUE,TRUE,FALSE,FALSE,FALSE,FALSE,likely corrinoid producer,Producer,3,TRUE,0.026862256930888274,0.004713274959948124,0.025191817808591657,0.025675213126387084,0.08993376191326001
Bacteria;Actinobacteria;Actinomycetia;Micrococcales;Intrasporangiaceae;Janibacter;Janibacter sp. YB324,Bacteria,Actinobacteria,Actinomycetia,Micrococcales,Intrasporangiaceae,Janibacter,Janibacter sp. YB324,Janibacter_sp._YB324,FALSE,TRUE,TRUE,FALSE,FALSE,FALSE,FALSE,NA,Producer,2,TRUE,0.017764120541561543,0.00849256117378968,0.03316276303071535,0.025406822625633065,0.010470227147203503
Bacteria;Actinobacteria;Actinomycetia;Micrococcales;Kytococcaceae;Kytococcus;Kytococcus sedentarius,Bacteria,Actinobacteria,Actinomycetia,Micrococcales,Kytococcaceae,Kytococcus,Kytococcus sedentarius,Kytococcus_sedentarius,TRUE,FALSE,TRUE,FALSE,FALSE,FALSE,FALSE,very likely non-producer,Non-producer,2,TRUE,0.06485800218090479,0.021005367183201205,0.07381048006016676,0.08038117482988873,0.15461331476998696
Bacteria;Actinobacteria;Actinomycetia;Micrococcales;Microbacteriaceae;Microbacterium;Microbacterium aurum,Bacteria,Actinobacteria,Actinomycetia,Micrococcales,Microbacteriaceae,Microbacterium,Microbacterium aurum,Microbacterium_aurum,FALSE,TRUE,FALSE,FALSE,FALSE,FALSE,FALSE,NA,Non-producer,1,TRUE,0.015705857139855395,0.0013515584262704834,0.0253202880981552,0.028026634157145656,0.027967694245713087
Bacteria;Actinobacteria;Actinomycetia;Micrococcales;Microbacteriaceae;Microbacterium;Microbacterium oxydans,Bacteria,Actinobacteria,Actinomycetia,Micrococcales,Microbacteriaceae,Microbacterium,Microbacterium oxydans,Microbacterium_oxydans,FALSE,FALSE,FALSE,FALSE,FALSE,FALSE,FALSE,very likely non-producer,Non-producer,0,FALSE,0.027663648725085845,0.004887794590173536,0.03765490554996444,0.09092159685003252,0.02057184254569992
Bacteria;Actinobacteria;Actinomycetia;Micrococcales;Micrococcaceae;Kocuria;Kocuria indica,Bacteria,Actinobacteria,Actinomycetia,Micrococcales,Micrococcaceae,Kocuria,Kocuria indica,Kocuria_indica,FALSE,FALSE,FALSE,FALSE,FALSE,FALSE,FALSE,very likely non-producer,Non-producer,0,FALSE,0.04474178923091422,0.003918364633209861,0.09227413647665078,0.028970997460071198,0.08678840685199604
Bacteria;Actinobacteria;Actinomycetia;Micrococcales;Micrococcaceae;Kocuria;Kocuria palustris,Bacteria,Actinobacteria,Actinomycetia,Micrococcales,Micrococcaceae,Kocuria,Kocuria palustris,Kocuria_palustris,FALSE,FALSE,FALSE,FALSE,FALSE,FALSE,FALSE,very likely non-producer,Non-producer,0,FALSE,0.16706681710679003,0.03664693430554559,0.13962205774238295,0.25455688132511,0.49155534999232
Bacteria;Actinobacteria;Actinomycetia;Micrococcales;Micrococcaceae;Kocuria;Kocuria rhizophila,Bacteria,Actinobacteria,Actinomycetia,Micrococcales,Micrococcaceae,Kocuria,Kocuria rhizophila,Kocuria_rhizophila,FALSE,FALSE,FALSE,FALSE,FALSE,FALSE,FALSE,very likely non-producer,Non-producer,0,FALSE,0.027436851016809816,0.004773371475029668,0.04765878417334763,0.03219259984080797,0.05021458378302616
Bacteria;Actinobacteria;Actinomycetia;Micrococcales;Micrococcaceae;Kocuria;Kocuria rosea,Bacteria,Actinobacteria,Actinomycetia,Micrococcales,Micrococcaceae,Kocuria,Kocuria rosea,Kocuria_rosea,FALSE,FALSE,FALSE,FALSE,FALSE,FALSE,FALSE,NA,Non-producer,0,FALSE,0.023031390579365978,0.0023347390953894105,0.017963009520457693,0.015968817351355826,0.09269520268428363
Bacteria;Actinobacteria;Actinomycetia;Micrococcales;Micrococcaceae;Kocuria;Kocuria sp. BT304,Bacteria,Actinobacteria,Actinomycetia,Micrococcales,Micrococcaceae,Kocuria,Kocuria sp. BT304,Kocuria_sp._BT304,FALSE,FALSE,FALSE,FALSE,FALSE,FALSE,FALSE,NA,Non-producer,0,FALSE,0.027994377329061924,0.004790818728119598,0.049741929834619676,0.0315783385677528,0.0505988664630354
Bacteria;Actinobacteria;Actinomycetia;Micrococcales;Micrococcaceae;Kocuria;Kocuria sp. KD4,Bacteria,Actinobacteria,Actinomycetia,Micrococcales,Micrococcaceae,Kocuria,Kocuria sp. KD4,Kocuria_sp._KD4,FALSE,FALSE,FALSE,FALSE,FALSE,FALSE,FALSE,NA,Non-producer,0,FALSE,0.04787007219407539,0.004126934337592029,0.09510598581750446,0.03252655490903681,0.0978863032190454
Bacteria;Actinobacteria;Actinomycetia;Micrococcales;Micrococcaceae;Kocuria;Kocuria sp. TGY1120_3,Bacteria,Actinobacteria,Actinomycetia,Micrococcales,Micrococcaceae,Kocuria,Kocuria sp. TGY1120_3,Kocuria_sp._TGY1120_3,FALSE,FALSE,FALSE,FALSE,FALSE,FALSE,FALSE,NA,Non-producer,0,FALSE,0.1348004090406662,4.495623237022443e-4,0.003970136994420865,0.002300146741885866,0.82208708055852
Bacteria;Actinobacteria;Actinomycetia;Micrococcales;Micrococcaceae;Kocuria;Kocuria varians,Bacteria,Actinobacteria,Actinomycetia,Micrococcales,Micrococcaceae,Kocuria,Kocuria varians,Kocuria_varians,FALSE,FALSE,FALSE,FALSE,FALSE,FALSE,FALSE,NA,Non-producer,0,FALSE,0.033210262999982615,0.005212932953015072,0.06182705297687162,0.04703517794053162,0.048787575427985945
Bacteria;Actinobacteria;Actinomycetia;Micrococcales;Micrococcaceae;Micrococcus;Micrococcus luteus,Bacteria,Actinobacteria,Actinomycetia,Micrococcales,Micrococcaceae,Micrococcus,Micrococcus luteus,Micrococcus_luteus,FALSE,FALSE,FALSE,FALSE,FALSE,FALSE,FALSE,very likely non-producer,Non-producer,0,FALSE,1.7392987249413228,0.851077005524944,2.470862326351543,3.046617654483642,1.8265458537805177
Bacteria;Actinobacteria;Actinomycetia;Micrococcales;Micrococcaceae;Micrococcus;Micrococcus sp. KBS0714,Bacteria,Actinobacteria,Actinomycetia,Micrococcales,Micrococcaceae,Micrococcus,Micrococcus sp. KBS0714,Micrococcus_sp._KBS0714,FALSE,FALSE,FALSE,FALSE,FALSE,FALSE,FALSE,NA,Non-producer,0,FALSE,0.22000999131952773,0.11747046987092455,0.33009496844614056,0.3994433813073809,0.1638336605513944
Bacteria;Actinobacteria;Actinomycetia;Micrococcales;Micrococcaceae;Rothia;Rothia aeria,Bacteria,Actinobacteria,Actinomycetia,Micrococcales,Micrococcaceae,Rothia,Rothia aeria,Rothia_aeria,FALSE,FALSE,FALSE,FALSE,FALSE,FALSE,FALSE,very likely non-producer,Non-producer,0,FALSE,0.042047983549548154,0.018861418002437923,0.0670985175983892,0.10792798132873364,0.008578587686891
Bacteria;Actinobacteria;Actinomycetia;Micrococcales;Micrococcaceae;Rothia;Rothia dentocariosa,Bacteria,Actinobacteria,Actinomycetia,Micrococcales,Micrococcaceae,Rothia,Rothia dentocariosa,Rothia_dentocariosa,FALSE,FALSE,FALSE,FALSE,FALSE,FALSE,FALSE,very likely non-producer,Non-producer,0,FALSE,0.10349013251545418,0.04226681549640103,0.16009100364359327,0.26003490853589967,0.04528696826455198
Bacteria;Actinobacteria;Actinomycetia;Micrococcales;Micrococcaceae;Rothia;Rothia mucilaginosa,Bacteria,Actinobacteria,Actinomycetia,Micrococcales,Micrococcaceae,Rothia,Rothia mucilaginosa,Rothia_mucilaginosa,FALSE,FALSE,FALSE,FALSE,FALSE,FALSE,FALSE,very likely non-producer,Non-producer,0,FALSE,0.162599973014678,0.056157663410680396,0.2970117394377179,0.38493962003197196,0.04115751906372063
Bacteria;Actinobacteria;Actinomycetia;Propionibacteriales;Propionibacteriaceae;Cutibacterium;Cutibacterium acnes,Bacteria,Actinobacteria,Actinomycetia,Propionibacteriales,Propionibacteriaceae,Cutibacterium,Cutibacterium acnes,Cutibacterium_acnes,TRUE,FALSE,TRUE,FALSE,FALSE,TRUE,FALSE,possible corrinoid producer,Producer,3,TRUE,50.02412797666821,76.90172628083361,33.98012285342097,52.7145801372213,2.8982001511682296
Bacteria;Actinobacteria;Actinomycetia;Propionibacteriales;Propionibacteriaceae;Cutibacterium;Cutibacterium avidum,Bacteria,Actinobacteria,Actinomycetia,Propionibacteriales,Propionibacteriaceae,Cutibacterium,Cutibacterium avidum,Cutibacterium_avidum,TRUE,TRUE,TRUE,FALSE,FALSE,TRUE,FALSE,possible corrinoid producer,Producer,4,TRUE,0.22410547439895145,0.14806274543193385,0.5179215477565632,0.117287711481076,0.019571756002823515
Bacteria;Actinobacteria;Actinomycetia;Propionibacteriales;Propionibacteriaceae;Cutibacterium;Cutibacterium granulosum,Bacteria,Actinobacteria,Actinomycetia,Propionibacteriales,Propionibacteriaceae,Cutibacterium,Cutibacterium granulosum,Cutibacterium_granulosum,TRUE,FALSE,TRUE,FALSE,FALSE,TRUE,FALSE,possible corrinoid producer,Producer,3,TRUE,0.8213608108291346,1.3710597737007628,0.5490167297229787,0.5410743137575998,0.03526926592214216
Bacteria;Actinobacteria;Actinomycetia;Propionibacteriales;Propionibacteriaceae;Microlunatus;Microlunatus sagamiharensis,Bacteria,Actinobacteria,Actinomycetia,Propionibacteriales,Propionibacteriaceae,Microlunatus,Microlunatus sagamiharensis,Microlunatus_sagamiharensis,FALSE,TRUE,FALSE,FALSE,FALSE,FALSE,FALSE,NA,Producer,1,TRUE,0.015480768011027959,0.0016121108900097726,0.015190093620160253,0.020528887585867232,0.04900989487547148
Bacteria;Actinobacteria;Actinomycetia;Propionibacteriales;Propionibacteriaceae;Propionibacterium;Propionibacterium sp. oral taxon 193,Bacteria,Actinobacteria,Actinomycetia,Propionibacteriales,Propionibacteriaceae,Propionibacterium,Propionibacterium sp. oral taxon 193,Propionibacterium_sp._oral_taxon_193,FALSE,FALSE,TRUE,FALSE,FALSE,TRUE,FALSE,NA,Producer,2,TRUE,0.5177432312931909,0.8995475963766314,0.2720463300143083,0.38285928195238306,0.018485477024272074
Bacteria;Actinobacteria;Actinomycetia;Propionibacteriales;Propionibacteriaceae;Tessaracoccus;Tessaracoccus timonensis,Bacteria,Actinobacteria,Actinomycetia,Propionibacteriales,Propionibacteriaceae,Tessaracoccus,Tessaracoccus timonensis,Tessaracoccus_timonensis,FALSE,TRUE,TRUE,FALSE,FALSE,FALSE,FALSE,NA,Producer,2,TRUE,0.02976778309483707,0.004214382210587488,0.09033544866069143,0.009963291286922828,0.012255532999478437
Bacteria;Bacteroidetes;Bacteroidia;Bacteroidales;NA;Phocaeicola;Phocaeicola vulgatus,Bacteria,Bacteroidetes,Bacteroidia,Bacteroidales,"NA",Phocaeicola,Phocaeicola vulgatus,Phocaeicola_vulgatus,TRUE,TRUE,TRUE,FALSE,FALSE,FALSE,FALSE,Cbi salvager,Precursor salvager,3,TRUE,0.02552799918884154,0.002688427631963022,0.06399483287693306,0.02708585672349648,0.02065176655017974
Bacteria;Bacteroidetes;Bacteroidia;Bacteroidales;Porphyromonadaceae;Porphyromonas;Porphyromonas gingivalis,Bacteria,Bacteroidetes,Bacteroidia,Bacteroidales,Porphyromonadaceae,Porphyromonas,Porphyromonas gingivalis,Porphyromonas_gingivalis,TRUE,FALSE,TRUE,FALSE,FALSE,FALSE,TRUE,Cbi salvager,Precursor salvager,3,TRUE,0.01679228955292929,0.0031762210116501348,0.03102065415897683,0.043456035230460766,0.007690343736653401
Bacteria;Bacteroidetes;Bacteroidia;Bacteroidales;Prevotellaceae;Prevotella;Prevotella denticola,Bacteria,Bacteroidetes,Bacteroidia,Bacteroidales,Prevotellaceae,Prevotella,Prevotella denticola,Prevotella_denticola,TRUE,FALSE,TRUE,FALSE,FALSE,FALSE,TRUE,very likely non-producer,Non-producer,3,TRUE,0.026330902160778158,0.016956546744507146,0.01963094517873023,0.10046978998100348,0.0026458594855790787
Bacteria;Bacteroidetes;Bacteroidia;Bacteroidales;Prevotellaceae;Prevotella;Prevotella intermedia,Bacteria,Bacteroidetes,Bacteroidia,Bacteroidales,Prevotellaceae,Prevotella,Prevotella intermedia,Prevotella_intermedia,TRUE,FALSE,FALSE,FALSE,FALSE,FALSE,TRUE,very likely non-producer,Non-producer,2,TRUE,0.02551752275307756,0.009015076780800659,0.040233284751860006,0.07386372714135699,0.005756939163819528
Bacteria;Bacteroidetes;Bacteroidia;Bacteroidales;Prevotellaceae;Prevotella;Prevotella melaninogenica,Bacteria,Bacteroidetes,Bacteroidia,Bacteroidales,Prevotellaceae,Prevotella,Prevotella melaninogenica,Prevotella_melaninogenica,TRUE,TRUE,TRUE,FALSE,FALSE,FALSE,TRUE,very likely non-producer,Non-producer,4,TRUE,0.04989616348591924,0.024024654909374082,0.06893355930836267,0.13615127518213993,0.0172319010934661
Bacteria;Firmicutes;Bacilli;Bacillales;NA;Gemella;Gemella haemolysans,Bacteria,Firmicutes,Bacilli,Bacillales,"NA",Gemella,Gemella haemolysans,Gemella_haemolysans,FALSE,FALSE,FALSE,FALSE,FALSE,FALSE,FALSE,very likely non-producer,Non-producer,0,FALSE,0.021444267060601856,0.009997656950212633,0.030669170289618877,0.06040311858175216,0.004997171004075737
Bacteria;Firmicutes;Bacilli;Bacillales;Staphylococcaceae;Jeotgalicoccus;[Micrococcus] candicans,Bacteria,Firmicutes,Bacilli,Bacillales,Staphylococcaceae,Jeotgalicoccus,[Micrococcus] candicans,[Micrococcus]_candicans,FALSE,FALSE,FALSE,FALSE,FALSE,FALSE,TRUE,NA,Non-producer,1,TRUE,0.029119679586480377,0.001583761942778682,0.012955114744609418,0.006047859058722381,0.14874411274329377
Bacteria;Firmicutes;Bacilli;Bacillales;Staphylococcaceae;Staphylococcus;Staphylococcus aureus,Bacteria,Firmicutes,Bacilli,Bacillales,Staphylococcaceae,Staphylococcus,Staphylococcus aureus,Staphylococcus_aureus,FALSE,FALSE,FALSE,FALSE,FALSE,FALSE,TRUE,very likely non-producer,Non-producer,1,TRUE,0.09112248870433903,0.0313099674228333,0.12216383471226396,0.07498802069104979,0.2120649593984525
Bacteria;Firmicutes;Bacilli;Bacillales;Staphylococcaceae;Staphylococcus;Staphylococcus auricularis,Bacteria,Firmicutes,Bacilli,Bacillales,Staphylococcaceae,Staphylococcus,Staphylococcus auricularis,Staphylococcus_auricularis,FALSE,FALSE,FALSE,FALSE,FALSE,FALSE,TRUE,NA,Non-producer,1,TRUE,0.3218023293084885,0.7240040553029772,0.017134172393027655,0.012457608254348659,0.00855248081971481
Bacteria;Firmicutes;Bacilli;Bacillales;Staphylococcaceae;Staphylococcus;Staphylococcus capitis,Bacteria,Firmicutes,Bacilli,Bacillales,Staphylococcaceae,Staphylococcus,Staphylococcus capitis,Staphylococcus_capitis,FALSE,FALSE,FALSE,FALSE,FALSE,FALSE,TRUE,very likely non-producer,Non-producer,1,TRUE,1.4118200388935327,0.7200031091834399,1.8261798096112398,0.5225804930540928,3.2867663941081364
Bacteria;Firmicutes;Bacilli;Bacillales;Staphylococcaceae;Staphylococcus;Staphylococcus caprae,Bacteria,Firmicutes,Bacilli,Bacillales,Staphylococcaceae,Staphylococcus,Staphylococcus caprae,Staphylococcus_caprae,FALSE,FALSE,FALSE,FALSE,FALSE,FALSE,TRUE,very likely non-producer,Non-producer,1,TRUE,0.14730913091497816,0.05013599933513999,0.03319593273835868,0.016906979186891144,0.7052193891076836
Bacteria;Firmicutes;Bacilli;Bacillales;Staphylococcaceae;Staphylococcus;Staphylococcus cohnii,Bacteria,Firmicutes,Bacilli,Bacillales,Staphylococcaceae,Staphylococcus,Staphylococcus cohnii,Staphylococcus_cohnii,FALSE,FALSE,FALSE,FALSE,FALSE,FALSE,TRUE,very likely non-producer,Non-producer,1,TRUE,0.2621176890200046,0.006892841401368025,0.06150624295048651,0.02353938642376416,1.4764264100927504
Bacteria;Firmicutes;Bacilli;Bacillales;Staphylococcaceae;Staphylococcus;Staphylococcus epidermidis,Bacteria,Firmicutes,Bacilli,Bacillales,Staphylococcaceae,Staphylococcus,Staphylococcus epidermidis,Staphylococcus_epidermidis,FALSE,FALSE,FALSE,FALSE,FALSE,FALSE,TRUE,very likely non-producer,Non-producer,1,TRUE,4.170933444145661,1.502301661361911,4.659349312750171,0.8718551805233572,13.165836234097442
Bacteria;Firmicutes;Bacilli;Bacillales;Staphylococcaceae;Staphylococcus;Staphylococcus haemolyticus,Bacteria,Firmicutes,Bacilli,Bacillales,Staphylococcaceae,Staphylococcus,Staphylococcus haemolyticus,Staphylococcus_haemolyticus,FALSE,FALSE,FALSE,FALSE,FALSE,FALSE,TRUE,very likely non-producer,Non-producer,1,TRUE,0.23709669513665424,0.01771111429107446,0.13853951880092527,0.06886058481625126,1.1266570225037158
Bacteria;Firmicutes;Bacilli;Bacillales;Staphylococcaceae;Staphylococcus;Staphylococcus hominis,Bacteria,Firmicutes,Bacilli,Bacillales,Staphylococcaceae,Staphylococcus,Staphylococcus hominis,Staphylococcus_hominis,FALSE,FALSE,FALSE,FALSE,FALSE,FALSE,TRUE,very likely non-producer,Non-producer,1,TRUE,1.9304133288425684,0.37274527651157374,2.4246734690020344,0.46141319809337483,6.458593111054528
Bacteria;Firmicutes;Bacilli;Bacillales;Staphylococcaceae;Staphylococcus;Staphylococcus lugdunensis,Bacteria,Firmicutes,Bacilli,Bacillales,Staphylococcaceae,Staphylococcus,Staphylococcus lugdunensis,Staphylococcus_lugdunensis,FALSE,FALSE,FALSE,FALSE,FALSE,FALSE,TRUE,very likely non-producer,Non-producer,1,TRUE,0.10424223198237612,0.013804805715516366,0.18647601332008087,0.020940487954307828,0.27540342635354675
Bacteria;Firmicutes;Bacilli;Bacillales;Staphylococcaceae;Staphylococcus;Staphylococcus pasteuri,Bacteria,Firmicutes,Bacilli,Bacillales,Staphylococcaceae,Staphylococcus,Staphylococcus pasteuri,Staphylococcus_pasteuri,FALSE,FALSE,FALSE,FALSE,FALSE,FALSE,TRUE,very likely non-producer,Non-producer,1,TRUE,0.09491962318433411,0.016484129419443324,0.025764909506440937,0.04700207316205175,0.46015262384079314
Bacteria;Firmicutes;Bacilli;Bacillales;Staphylococcaceae;Staphylococcus;Staphylococcus pettenkoferi,Bacteria,Firmicutes,Bacilli,Bacillales,Staphylococcaceae,Staphylococcus,Staphylococcus pettenkoferi,Staphylococcus_pettenkoferi,FALSE,FALSE,FALSE,FALSE,FALSE,FALSE,TRUE,very likely non-producer,Non-producer,1,TRUE,0.549902990653295,0.008823515650072873,0.032401843229014383,0.006129980954937732,3.3102502588976703
Bacteria;Firmicutes;Bacilli;Bacillales;Staphylococcaceae;Staphylococcus;Staphylococcus saccharolyticus,Bacteria,Firmicutes,Bacilli,Bacillales,Staphylococcaceae,Staphylococcus,Staphylococcus saccharolyticus,Staphylococcus_saccharolyticus,FALSE,FALSE,FALSE,FALSE,FALSE,FALSE,FALSE,NA,Non-producer,0,FALSE,0.46039568967578764,0.7607213952156628,0.34898414425096735,0.24418352434411156,0.019084644119392154
Bacteria;Firmicutes;Bacilli;Bacillales;Staphylococcaceae;Staphylococcus;Staphylococcus saprophyticus,Bacteria,Firmicutes,Bacilli,Bacillales,Staphylococcaceae,Staphylococcus,Staphylococcus saprophyticus,Staphylococcus_saprophyticus,FALSE,FALSE,FALSE,FALSE,FALSE,FALSE,TRUE,very likely non-producer,Non-producer,1,TRUE,0.10841913418486733,0.013978980166233354,0.12515628793684347,0.1031817408009604,0.3373209607987699
Bacteria;Firmicutes;Bacilli;Bacillales;Staphylococcaceae;Staphylococcus;Staphylococcus sp. M0911,Bacteria,Firmicutes,Bacilli,Bacillales,Staphylococcaceae,Staphylococcus,Staphylococcus sp. M0911,Staphylococcus_sp._M0911,FALSE,FALSE,FALSE,FALSE,FALSE,FALSE,TRUE,NA,Non-producer,1,TRUE,0.13172137099325087,0.001949521554355965,0.01866595234081946,0.006959043427140008,0.7705556216430072
Bacteria;Firmicutes;Bacilli;Bacillales;Staphylococcaceae;Staphylococcus;Staphylococcus warneri,Bacteria,Firmicutes,Bacilli,Bacillales,Staphylococcaceae,Staphylococcus,Staphylococcus warneri,Staphylococcus_warneri,FALSE,FALSE,FALSE,FALSE,FALSE,FALSE,TRUE,very likely non-producer,Non-producer,1,TRUE,0.44958571461436064,0.031879703032884586,0.15901599894616614,0.1313873172169763,2.314842563561002
Bacteria;Firmicutes;Bacilli;Lactobacillales;Aerococcaceae;Abiotrophia;Abiotrophia defectiva,Bacteria,Firmicutes,Bacilli,Lactobacillales,Aerococcaceae,Abiotrophia,Abiotrophia defectiva,Abiotrophia_defectiva,FALSE,FALSE,FALSE,FALSE,FALSE,FALSE,FALSE,very likely non-producer,Non-producer,0,FALSE,0.027825361667085463,0.012975915246293379,0.03660170410736943,0.08057056040991763,0.01007487627339558
Bacteria;Firmicutes;Bacilli;Lactobacillales;Carnobacteriaceae;Dolosigranulum;Dolosigranulum pigrum,Bacteria,Firmicutes,Bacilli,Lactobacillales,Carnobacteriaceae,Dolosigranulum,Dolosigranulum pigrum,Dolosigranulum_pigrum,FALSE,FALSE,FALSE,FALSE,FALSE,FALSE,FALSE,very likely non-producer,Non-producer,0,FALSE,0.028227582032812105,0.025714453515614872,0.035091559807908464,0.03991035536187731,0.013935431959890925
Bacteria;Firmicutes;Bacilli;Lactobacillales;Lactobacillaceae;Lactobacillus;Lactobacillus crispatus,Bacteria,Firmicutes,Bacilli,Lactobacillales,Lactobacillaceae,Lactobacillus,Lactobacillus crispatus,Lactobacillus_crispatus,FALSE,FALSE,FALSE,FALSE,FALSE,FALSE,FALSE,very likely non-producer,Non-producer,0,FALSE,0.16758052499196718,0.07526504896346001,0.36413755424581107,0.16992041850560857,0.08192084276911898
Bacteria;Firmicutes;Bacilli;Lactobacillales;Lactobacillaceae;Lactobacillus;Lactobacillus iners,Bacteria,Firmicutes,Bacilli,Lactobacillales,Lactobacillaceae,Lactobacillus,Lactobacillus iners,Lactobacillus_iners,FALSE,FALSE,FALSE,FALSE,FALSE,FALSE,FALSE,very likely non-producer,Non-producer,0,FALSE,0.03857797305407508,0.012291033591917877,0.08612327000776165,0.03608255576055309,0.030930756702066742
Bacteria;Firmicutes;Bacilli;Lactobacillales;Streptococcaceae;Lactococcus;Lactococcus lactis,Bacteria,Firmicutes,Bacilli,Lactobacillales,Streptococcaceae,Lactococcus,Lactococcus lactis,Lactococcus_lactis,FALSE,FALSE,FALSE,FALSE,FALSE,FALSE,FALSE,very likely non-producer,Non-producer,0,FALSE,0.046695144648451724,0.020771278744297347,0.05888980593079328,0.12870396199647666,0.029131136773814088
Bacteria;Firmicutes;Bacilli;Lactobacillales;Streptococcaceae;Streptococcus;Streptococcus australis,Bacteria,Firmicutes,Bacilli,Lactobacillales,Streptococcaceae,Streptococcus,Streptococcus australis,Streptococcus_australis,FALSE,FALSE,FALSE,TRUE,TRUE,FALSE,TRUE,very likely corrinoid producer,Producer,3,TRUE,0.024315672456977563,0.011189448831400531,0.03904315266622216,0.061504749043414325,0.0045351728044213295
Bacteria;Firmicutes;Bacilli;Lactobacillales;Streptococcaceae;Streptococcus;Streptococcus cristatus,Bacteria,Firmicutes,Bacilli,Lactobacillales,Streptococcaceae,Streptococcus,Streptococcus cristatus,Streptococcus_cristatus,FALSE,FALSE,FALSE,FALSE,FALSE,FALSE,TRUE,very likely non-producer,Non-producer,1,TRUE,0.0176611033865911,0.008869800728931,0.0264080451627952,0.043432995363106096,0.005592953631692448
Bacteria;Firmicutes;Bacilli;Lactobacillales;Streptococcaceae;Streptococcus;Streptococcus gordonii,Bacteria,Firmicutes,Bacilli,Lactobacillales,Streptococcaceae,Streptococcus,Streptococcus gordonii,Streptococcus_gordonii,FALSE,FALSE,FALSE,FALSE,FALSE,FALSE,FALSE,very likely non-producer,Non-producer,0,FALSE,0.08457653547985029,0.04194401996208821,0.1050043611573591,0.252269882549239,0.02846896591601657
Bacteria;Firmicutes;Bacilli;Lactobacillales;Streptococcaceae;Streptococcus;Streptococcus gwangjuense,Bacteria,Firmicutes,Bacilli,Lactobacillales,Streptococcaceae,Streptococcus,Streptococcus gwangjuense,Streptococcus_gwangjuense,FALSE,FALSE,FALSE,FALSE,FALSE,FALSE,FALSE,NA,Non-producer,0,FALSE,0.026373549668546162,0.015042821607847845,0.03883244020823078,0.06518815827238228,0.004288506534547774
Bacteria;Firmicutes;Bacilli;Lactobacillales;Streptococcaceae;Streptococcus;Streptococcus mitis,Bacteria,Firmicutes,Bacilli,Lactobacillales,Streptococcaceae,Streptococcus,Streptococcus mitis,Streptococcus_mitis,FALSE,FALSE,FALSE,FALSE,FALSE,FALSE,FALSE,very likely non-producer,Non-producer,0,FALSE,0.29601430184574135,0.18572441342542906,0.4129403269016578,0.7220306658959452,0.049306741962781016
Bacteria;Firmicutes;Bacilli;Lactobacillales;Streptococcaceae;Streptococcus;Streptococcus oralis,Bacteria,Firmicutes,Bacilli,Lactobacillales,Streptococcaceae,Streptococcus,Streptococcus oralis,Streptococcus_oralis,FALSE,FALSE,FALSE,FALSE,FALSE,FALSE,FALSE,very likely non-producer,Non-producer,0,FALSE,0.2239087035095864,0.10049886141954226,0.3541896300778048,0.5813453952846382,0.04540073002690233
Bacteria;Firmicutes;Bacilli;Lactobacillales;Streptococcaceae;Streptococcus;Streptococcus parasanguinis,Bacteria,Firmicutes,Bacilli,Lactobacillales,Streptococcaceae,Streptococcus,Streptococcus parasanguinis,Streptococcus_parasanguinis,FALSE,FALSE,FALSE,FALSE,FALSE,FALSE,TRUE,very likely non-producer,Non-producer,1,TRUE,0.01954011566842009,0.007490965655883462,0.03328631927841437,0.05013404531753655,0.0038709846554935545
Bacteria;Firmicutes;Bacilli;Lactobacillales;Streptococcaceae;Streptococcus;Streptococcus pneumoniae,Bacteria,Firmicutes,Bacilli,Lactobacillales,Streptococcaceae,Streptococcus,Streptococcus pneumoniae,Streptococcus_pneumoniae,FALSE,FALSE,FALSE,FALSE,FALSE,FALSE,FALSE,very likely non-producer,Non-producer,0,FALSE,0.11519700345609402,0.07454666603621735,0.16447287862406348,0.2629618809788752,0.021360330108068464
Bacteria;Firmicutes;Bacilli;Lactobacillales;Streptococcaceae;Streptococcus;Streptococcus pseudopneumoniae,Bacteria,Firmicutes,Bacilli,Lactobacillales,Streptococcaceae,Streptococcus,Streptococcus pseudopneumoniae,Streptococcus_pseudopneumoniae,FALSE,FALSE,FALSE,FALSE,FALSE,FALSE,FALSE,very likely non-producer,Non-producer,0,FALSE,0.01584504684583451,0.008338852674354644,0.023106799175239195,0.0416026083092146,0.002848376893946455
Bacteria;Firmicutes;Bacilli;Lactobacillales;Streptococcaceae;Streptococcus;Streptococcus salivarius,Bacteria,Firmicutes,Bacilli,Lactobacillales,Streptococcaceae,Streptococcus,Streptococcus salivarius,Streptococcus_salivarius,FALSE,FALSE,FALSE,FALSE,FALSE,FALSE,TRUE,very likely non-producer,Non-producer,1,TRUE,0.049329805993953285,0.022123610427437247,0.06738622506104099,0.14601428921813955,0.013441194602150203
Bacteria;Firmicutes;Bacilli;Lactobacillales;Streptococcaceae;Streptococcus;Streptococcus sanguinis,Bacteria,Firmicutes,Bacilli,Lactobacillales,Streptococcaceae,Streptococcus,Streptococcus sanguinis,Streptococcus_sanguinis,FALSE,FALSE,FALSE,FALSE,FALSE,FALSE,TRUE,very likely non-producer,Non-producer,1,TRUE,0.15280709902188883,0.060857553449775115,0.24389317007670175,0.41711526310255004,0.03150531341492188
Bacteria;Firmicutes;Bacilli;Lactobacillales;Streptococcaceae;Streptococcus;Streptococcus sp. 116-D4,Bacteria,Firmicutes,Bacilli,Lactobacillales,Streptococcaceae,Streptococcus,Streptococcus sp. 116-D4,Streptococcus_sp._116-D4,FALSE,FALSE,FALSE,FALSE,FALSE,FALSE,FALSE,NA,Non-producer,0,FALSE,0.020296605194487744,0.011455884991757582,0.0307069148830068,0.048892029127301416,0.0032729849742892687
Bacteria;Firmicutes;Bacilli;Lactobacillales;Streptococcaceae;Streptococcus;Streptococcus sp. oral taxon 061,Bacteria,Firmicutes,Bacilli,Lactobacillales,Streptococcaceae,Streptococcus,Streptococcus sp. oral taxon 061,Streptococcus_sp._oral_taxon_061,FALSE,FALSE,FALSE,FALSE,FALSE,FALSE,FALSE,NA,Non-producer,0,FALSE,0.022548777918000824,0.010414357546042585,0.03582103135819741,0.05709327552527621,0.004705389997208378
Bacteria;Firmicutes;Bacilli;Lactobacillales;Streptococcaceae;Streptococcus;Streptococcus sp. oral taxon 064,Bacteria,Firmicutes,Bacilli,Lactobacillales,Streptococcaceae,Streptococcus,Streptococcus sp. oral taxon 064,Streptococcus_sp._oral_taxon_064,FALSE,FALSE,FALSE,FALSE,FALSE,FALSE,FALSE,NA,Non-producer,0,FALSE,0.02196736966964335,0.009184878773326938,0.03680064633064575,0.055708172417856416,0.003882048818655565
Bacteria;Firmicutes;Bacilli;Lactobacillales;Streptococcaceae;Streptococcus;Streptococcus sp. oral taxon 431,Bacteria,Firmicutes,Bacilli,Lactobacillales,Streptococcaceae,Streptococcus,Streptococcus sp. oral taxon 431,Streptococcus_sp._oral_taxon_431,FALSE,FALSE,FALSE,FALSE,FALSE,FALSE,FALSE,NA,Non-producer,0,FALSE,0.017218453313793874,0.007524900520907198,0.02679214775529757,0.04610139070985553,0.0036536059926241854
Bacteria;Firmicutes;Bacilli;Lactobacillales;Streptococcaceae;Streptococcus;Streptococcus thermophilus,Bacteria,Firmicutes,Bacilli,Lactobacillales,Streptococcaceae,Streptococcus,Streptococcus thermophilus,Streptococcus_thermophilus,FALSE,FALSE,FALSE,FALSE,FALSE,FALSE,TRUE,very likely non-producer,Non-producer,1,TRUE,0.10850314631354227,0.027429680998290944,0.11947867691131106,0.4333056687162106,0.043945309742676804
Bacteria;Firmicutes;Clostridia;Clostridiales;Ruminococcaceae;Faecalibacterium;Faecalibacterium prausnitzii,Bacteria,Firmicutes,Clostridia,Clostridiales,Ruminococcaceae,Faecalibacterium,Faecalibacterium prausnitzii,Faecalibacterium_prausnitzii,FALSE,TRUE,FALSE,FALSE,FALSE,FALSE,FALSE,tetrapyrrole precursor salvager,Precursor salvager,1,TRUE,0.04214083166447143,0.004114702378527732,0.11260768308093305,0.046025949511063986,0.022163459049354642
Bacteria;Firmicutes;Negativicutes;Veillonellales;Veillonellaceae;Veillonella;Veillonella nakazawae,Bacteria,Firmicutes,Negativicutes,Veillonellales,Veillonellaceae,Veillonella,Veillonella nakazawae,Veillonella_nakazawae,FALSE,TRUE,TRUE,FALSE,TRUE,FALSE,TRUE,NA,Producer,4,TRUE,0.018862129830074292,0.006333012500216868,0.02993603485944058,0.05512020587308902,0.004388232103570318
Bacteria;Firmicutes;Negativicutes;Veillonellales;Veillonellaceae;Veillonella;Veillonella parvula,Bacteria,Firmicutes,Negativicutes,Veillonellales,Veillonellaceae,Veillonella,Veillonella parvula,Veillonella_parvula,FALSE,TRUE,TRUE,FALSE,FALSE,FALSE,FALSE,very likely corrinoid producer,Producer,2,TRUE,0.16236140958801135,0.05505599219177557,0.213315040849488,0.5488181620476164,0.05077951926032467
Bacteria;Firmicutes;Tissierellia;Tissierellales;Peptoniphilaceae;Anaerococcus;Anaerococcus mediterraneensis,Bacteria,Firmicutes,Tissierellia,Tissierellales,Peptoniphilaceae,Anaerococcus,Anaerococcus mediterraneensis,Anaerococcus_mediterraneensis,FALSE,FALSE,FALSE,FALSE,FALSE,FALSE,FALSE,NA,Non-producer,0,FALSE,0.015121902364389463,0.0024391425800512714,0.02648714909995433,0.00390505328619101,0.039029550713276816
Bacteria;Firmicutes;Tissierellia;Tissierellales;Peptoniphilaceae;Anaerococcus;Anaerococcus prevotii,Bacteria,Firmicutes,Tissierellia,Tissierellales,Peptoniphilaceae,Anaerococcus,Anaerococcus prevotii,Anaerococcus_prevotii,FALSE,FALSE,FALSE,FALSE,FALSE,FALSE,FALSE,very likely non-producer,Non-producer,0,FALSE,0.024719018847690587,0.004782048256756672,0.05958901224870705,0.009725579396170863,0.03153598444952092
Bacteria;Firmicutes;Tissierellia;Tissierellales;Peptoniphilaceae;Finegoldia;Finegoldia magna,Bacteria,Firmicutes,Tissierellia,Tissierellales,Peptoniphilaceae,Finegoldia,Finegoldia magna,Finegoldia_magna,FALSE,FALSE,FALSE,FALSE,FALSE,FALSE,FALSE,very likely non-producer,Non-producer,0,FALSE,0.21713519872718406,0.04029042227030106,0.6148506496017413,0.13959505617593718,0.08383246932964543
Bacteria;Firmicutes;Tissierellia;Tissierellales;Peptoniphilaceae;Peptoniphilus;Peptoniphilus harei,Bacteria,Firmicutes,Tissierellia,Tissierellales,Peptoniphilaceae,Peptoniphilus,Peptoniphilus harei,Peptoniphilus_harei,FALSE,FALSE,FALSE,FALSE,FALSE,FALSE,FALSE,very likely non-producer,Non-producer,0,FALSE,0.06595510566164252,0.008601413414285242,0.13562986656858103,0.01975122363774578,0.13963372793028347
Bacteria;Proteobacteria;Alphaproteobacteria;Caulobacterales;Caulobacteraceae;Brevundimonas;Brevundimonas diminuta,Bacteria,Proteobacteria,Alphaproteobacteria,Caulobacterales,Caulobacteraceae,Brevundimonas,Brevundimonas diminuta,Brevundimonas_diminuta,FALSE,TRUE,TRUE,FALSE,FALSE,FALSE,TRUE,very likely non-producer,Non-producer,3,TRUE,0.02798135605896724,0.004090288089512499,0.04513067448977087,0.06775624028163421,0.03084855775506988
Bacteria;Proteobacteria;Alphaproteobacteria;Caulobacterales;Caulobacteraceae;Brevundimonas;Brevundimonas naejangsanensis,Bacteria,Proteobacteria,Alphaproteobacteria,Caulobacterales,Caulobacteraceae,Brevundimonas,Brevundimonas naejangsanensis,Brevundimonas_naejangsanensis,FALSE,TRUE,TRUE,FALSE,FALSE,FALSE,TRUE,very likely non-producer,Non-producer,3,TRUE,0.02433208396140737,0.004085297955605515,0.036108292987411576,0.05398758653520851,0.03468660643033473
Bacteria;Proteobacteria;Alphaproteobacteria;Caulobacterales;Caulobacteraceae;Brevundimonas;Brevundimonas vancanneytii,Bacteria,Proteobacteria,Alphaproteobacteria,Caulobacterales,Caulobacteraceae,Brevundimonas,Brevundimonas vancanneytii,Brevundimonas_vancanneytii,FALSE,TRUE,TRUE,FALSE,FALSE,FALSE,TRUE,NA,Precursor salvager,3,TRUE,0.015054060930424981,0.0019475467839356663,0.02362430502635536,0.03388340443623192,0.02046048235893265
Bacteria;Proteobacteria;Alphaproteobacteria;Rhizobiales;Methylobacteriaceae;Methylorubrum;Methylorubrum populi,Bacteria,Proteobacteria,Alphaproteobacteria,Rhizobiales,Methylobacteriaceae,Methylorubrum,Methylorubrum populi,Methylorubrum_populi,FALSE,TRUE,TRUE,TRUE,FALSE,FALSE,TRUE,NA,Producer,4,TRUE,0.017708096178692085,0.0020850779600581158,0.025430302061684344,0.04230485107814201,0.026607117156392315
Bacteria;Proteobacteria;Alphaproteobacteria;Rhizobiales;Rhizobiaceae;Rhizobium;Rhizobium pusense,Bacteria,Proteobacteria,Alphaproteobacteria,Rhizobiales,Rhizobiaceae,Rhizobium,Rhizobium pusense,Rhizobium_pusense,TRUE,TRUE,TRUE,FALSE,FALSE,FALSE,TRUE,likely corrinoid producer,Producer,4,TRUE,0.025473258718246697,0.0053223821312731595,0.029982580489281086,0.07277609672523007,0.03350856213787192
Bacteria;Proteobacteria;Alphaproteobacteria;Rhodobacterales;Rhodobacteraceae;Paracoccus;Paracoccus sanguinis,Bacteria,Proteobacteria,Alphaproteobacteria,Rhodobacterales,Rhodobacteraceae,Paracoccus,Paracoccus sanguinis,Paracoccus_sanguinis,TRUE,TRUE,TRUE,FALSE,FALSE,FALSE,TRUE,very likely corrinoid producer,Producer,4,TRUE,0.02487935892210532,0.006210866208586629,0.03859437722879746,0.0258912311214156,0.05094934567353937
Bacteria;Proteobacteria;Alphaproteobacteria;Rhodobacterales;Rhodobacteraceae;Paracoccus;Paracoccus sp. Arc7-R13,Bacteria,Proteobacteria,Alphaproteobacteria,Rhodobacterales,Rhodobacteraceae,Paracoccus,Paracoccus sp. Arc7-R13,Paracoccus_sp._Arc7-R13,FALSE,TRUE,TRUE,TRUE,FALSE,FALSE,TRUE,NA,Producer,4,TRUE,0.07360470737955695,0.003099773099340212,0.018294291834702183,0.020215929248985822,0.39873079178573506
Bacteria;Proteobacteria;Alphaproteobacteria;Rhodobacterales;Rhodobacteraceae;Paracoccus;Paracoccus yeei,Bacteria,Proteobacteria,Alphaproteobacteria,Rhodobacterales,Rhodobacteraceae,Paracoccus,Paracoccus yeei,Paracoccus_yeei,TRUE,TRUE,TRUE,TRUE,FALSE,FALSE,TRUE,very likely corrinoid producer,Producer,5,TRUE,0.10451865498296958,0.02701285301480664,0.18961761936956714,0.225426378732005,0.07079992755145978
Bacteria;Proteobacteria;Alphaproteobacteria;Rhodospirillales;Acetobacteraceae;Roseomonas;Roseomonas mucosa,Bacteria,Proteobacteria,Alphaproteobacteria,Rhodospirillales,Acetobacteraceae,Roseomonas,Roseomonas mucosa,Roseomonas_mucosa,TRUE,TRUE,FALSE,TRUE,FALSE,FALSE,TRUE,likely corrinoid producer,Producer,4,TRUE,0.03208235479609658,0.007881144909381634,0.07518292151054873,0.04429168434505834,0.014421385516153821
Bacteria;Proteobacteria;Alphaproteobacteria;Sphingomonadales;Sphingomonadaceae;Sphingobium;Sphingobium yanoikuyae,Bacteria,Proteobacteria,Alphaproteobacteria,Sphingomonadales,Sphingomonadaceae,Sphingobium,Sphingobium yanoikuyae,Sphingobium_yanoikuyae,FALSE,TRUE,TRUE,FALSE,FALSE,FALSE,TRUE,very likely corrinoid producer,Producer,3,TRUE,0.03823429183413304,0.0028009191056644453,0.022272041821133053,0.061119892305921734,0.14142997732281185
Bacteria;Proteobacteria;Alphaproteobacteria;Sphingomonadales;Sphingomonadaceae;Sphingomonas;Sphingomonas sp. IC081,Bacteria,Proteobacteria,Alphaproteobacteria,Sphingomonadales,Sphingomonadaceae,Sphingomonas,Sphingomonas sp. IC081,Sphingomonas_sp._IC081,FALSE,TRUE,TRUE,FALSE,FALSE,FALSE,TRUE,NA,Producer,3,TRUE,0.018264533593376125,0.0010071926860322057,0.02404371657455733,0.07478979138252,0.008944024313641065
Bacteria;Proteobacteria;Betaproteobacteria;Burkholderiales;Burkholderiaceae;Lautropia;Lautropia mirabilis,Bacteria,Proteobacteria,Betaproteobacteria,Burkholderiales,Burkholderiaceae,Lautropia,Lautropia mirabilis,Lautropia_mirabilis,TRUE,TRUE,FALSE,FALSE,FALSE,FALSE,FALSE,likely non-producer,Non-producer,2,TRUE,0.023356663693483933,0.011725702837576886,0.03759606239120368,0.05620695757385745,0.003909693894543554
Bacteria;Proteobacteria;Betaproteobacteria;Burkholderiales;Comamonadaceae;Variovorax;Variovorax paradoxus,Bacteria,Proteobacteria,Betaproteobacteria,Burkholderiales,Comamonadaceae,Variovorax,Variovorax paradoxus,Variovorax_paradoxus,TRUE,TRUE,TRUE,TRUE,FALSE,FALSE,TRUE,Cbi salvager,Precursor salvager,5,TRUE,0.021060715614266548,0.0020669917398631896,0.03407427719135661,0.047975914268976974,0.028197376320366098
Bacteria;Proteobacteria;Betaproteobacteria;Burkholderiales;Oxalobacteraceae;Massilia;Massilia oculi,Bacteria,Proteobacteria,Betaproteobacteria,Burkholderiales,Oxalobacteraceae,Massilia,Massilia oculi,Massilia_oculi,FALSE,TRUE,FALSE,FALSE,FALSE,FALSE,TRUE,NA,Precursor salvager,2,TRUE,0.03584198487178875,0.0036447594347058404,0.05791814087770892,0.05423517125586682,0.06997388996767047
Bacteria;Proteobacteria;Betaproteobacteria;Neisseriales;Neisseriaceae;Neisseria;Neisseria elongata,Bacteria,Proteobacteria,Betaproteobacteria,Neisseriales,Neisseriaceae,Neisseria,Neisseria elongata,Neisseria_elongata,FALSE,FALSE,FALSE,FALSE,FALSE,FALSE,FALSE,NA,Non-producer,0,FALSE,0.019807832969228834,0.008401995787815702,0.02930793749613067,0.0578306525331778,0.0035465698008516028
Bacteria;Proteobacteria;Betaproteobacteria;Neisseriales;Neisseriaceae;Neisseria;Neisseria mucosa,Bacteria,Proteobacteria,Betaproteobacteria,Neisseriales,Neisseriaceae,Neisseria,Neisseria mucosa,Neisseria_mucosa,FALSE,FALSE,FALSE,FALSE,FALSE,FALSE,FALSE,very likely non-producer,Non-producer,0,FALSE,0.032455670957155756,0.014762529775232817,0.05335900992705682,0.08019830852579186,0.005954740230410787
Bacteria;Proteobacteria;Betaproteobacteria;Neisseriales;Neisseriaceae;Neisseria;Neisseria sicca,Bacteria,Proteobacteria,Betaproteobacteria,Neisseriales,Neisseriaceae,Neisseria,Neisseria sicca,Neisseria_sicca,FALSE,FALSE,FALSE,FALSE,FALSE,FALSE,FALSE,very likely non-producer,Non-producer,0,FALSE,0.03592868615877717,0.017249471808368323,0.05824244986869928,0.08976326712596289,0.004757927675130908
Bacteria;Proteobacteria;Betaproteobacteria;Neisseriales;Neisseriaceae;Neisseria;Neisseria subflava,Bacteria,Proteobacteria,Betaproteobacteria,Neisseriales,Neisseriaceae,Neisseria,Neisseria subflava,Neisseria_subflava,FALSE,FALSE,FALSE,FALSE,FALSE,FALSE,FALSE,very likely non-producer,Non-producer,0,FALSE,0.028976389477348343,0.013021677776618822,0.04962548512399229,0.0697051389178776,0.003931476053383481
Bacteria;Proteobacteria;Gammaproteobacteria;Enterobacterales;Enterobacteriaceae;Klebsiella;Klebsiella pneumoniae,Bacteria,Proteobacteria,Gammaproteobacteria,Enterobacterales,Enterobacteriaceae,Klebsiella,Klebsiella pneumoniae,Klebsiella_pneumoniae,FALSE,TRUE,FALSE,TRUE,TRUE,FALSE,TRUE,very likely corrinoid producer,Producer,4,TRUE,0.11761387510062522,0.014074758855058041,0.2986272647855615,0.203733323939764,0.020298653988423333
Bacteria;Proteobacteria;Gammaproteobacteria;Enterobacterales;Erwiniaceae;Pantoea;Pantoea agglomerans,Bacteria,Proteobacteria,Gammaproteobacteria,Enterobacterales,Erwiniaceae,Pantoea,Pantoea agglomerans,Pantoea_agglomerans,FALSE,TRUE,FALSE,FALSE,FALSE,FALSE,TRUE,very likely non-producer,Non-producer,2,TRUE,0.03680583605722498,0.003948624132338959,0.024029581959938533,0.0439570795437539,0.14048764028399258
Bacteria;Proteobacteria;Gammaproteobacteria;Enterobacterales;Yersiniaceae;Serratia;Serratia marcescens,Bacteria,Proteobacteria,Gammaproteobacteria,Enterobacterales,Yersiniaceae,Serratia,Serratia marcescens,Serratia_marcescens,FALSE,TRUE,FALSE,TRUE,FALSE,FALSE,TRUE,very likely non-producer,Non-producer,3,TRUE,0.01793095919195786,0.001297844065722026,0.012105551193154821,0.011240191927634266,0.07768908853317803
Bacteria;Proteobacteria;Gammaproteobacteria;Pasteurellales;Pasteurellaceae;Haemophilus;Haemophilus parainfluenzae,Bacteria,Proteobacteria,Gammaproteobacteria,Pasteurellales,Pasteurellaceae,Haemophilus,Haemophilus parainfluenzae,Haemophilus_parainfluenzae,FALSE,TRUE,FALSE,FALSE,FALSE,FALSE,FALSE,very likely non-producer,Non-producer,1,TRUE,0.14379998420650372,0.060911765303529,0.2289381867014719,0.3921816936344281,0.021155021709810446
Bacteria;Proteobacteria;Gammaproteobacteria;Pasteurellales;Pasteurellaceae;Pasteurella;Pasteurella multocida,Bacteria,Proteobacteria,Gammaproteobacteria,Pasteurellales,Pasteurellaceae,Pasteurella,Pasteurella multocida,Pasteurella_multocida,FALSE,FALSE,FALSE,FALSE,FALSE,FALSE,FALSE,very likely non-producer,Non-producer,0,FALSE,0.03990167254017149,0.01649322989234885,0.049944392800664594,0.08951416014321603,0.0454713512588304
Bacteria;Proteobacteria;Gammaproteobacteria;Pseudomonadales;Moraxellaceae;Acinetobacter;Acinetobacter baumannii,Bacteria,Proteobacteria,Gammaproteobacteria,Pseudomonadales,Moraxellaceae,Acinetobacter,Acinetobacter baumannii,Acinetobacter_baumannii,TRUE,TRUE,FALSE,TRUE,FALSE,FALSE,TRUE,Cbi salvager,Precursor salvager,4,TRUE,0.05206905996612631,0.006756974713720556,0.04948220157066632,0.08114976047335835,0.15417530509292562
Bacteria;Proteobacteria;Gammaproteobacteria;Pseudomonadales;Moraxellaceae;Acinetobacter;Acinetobacter johnsonii,Bacteria,Proteobacteria,Gammaproteobacteria,Pseudomonadales,Moraxellaceae,Acinetobacter,Acinetobacter johnsonii,Acinetobacter_johnsonii,FALSE,TRUE,FALSE,TRUE,FALSE,FALSE,TRUE,Cbi salvager,Precursor salvager,3,TRUE,0.34790285393024556,0.02143273623639778,0.22328389996777728,0.6217415282540935,1.2098911528230407
Bacteria;Proteobacteria;Gammaproteobacteria;Pseudomonadales;Moraxellaceae;Acinetobacter;Acinetobacter lwoffii,Bacteria,Proteobacteria,Gammaproteobacteria,Pseudomonadales,Moraxellaceae,Acinetobacter,Acinetobacter lwoffii,Acinetobacter_lwoffii,FALSE,TRUE,FALSE,FALSE,FALSE,FALSE,TRUE,very likely non-producer,Non-producer,2,TRUE,0.1478241613953566,0.021326782954360843,0.13079111802541832,0.4224476957732585,0.2926809222597448
Bacteria;Proteobacteria;Gammaproteobacteria;Pseudomonadales;Moraxellaceae;Acinetobacter;Acinetobacter pittii,Bacteria,Proteobacteria,Gammaproteobacteria,Pseudomonadales,Moraxellaceae,Acinetobacter,Acinetobacter pittii,Acinetobacter_pittii,TRUE,TRUE,FALSE,TRUE,FALSE,FALSE,TRUE,Cbi salvager,Precursor salvager,4,TRUE,0.019425547725617914,0.0025096979930889205,0.025866106103047397,0.041537946452813605,0.03595611020272217
Bacteria;Proteobacteria;Gammaproteobacteria;Pseudomonadales;Moraxellaceae;Acinetobacter;Acinetobacter radioresistens,Bacteria,Proteobacteria,Gammaproteobacteria,Pseudomonadales,Moraxellaceae,Acinetobacter,Acinetobacter radioresistens,Acinetobacter_radioresistens,TRUE,TRUE,FALSE,TRUE,FALSE,FALSE,TRUE,Cbi salvager,Precursor salvager,4,TRUE,0.05764224897855358,0.014940020167762313,0.06250895747343306,0.0618242865519265,0.16038400542118036
Bacteria;Proteobacteria;Gammaproteobacteria;Pseudomonadales;Moraxellaceae;Acinetobacter;Acinetobacter schindleri,Bacteria,Proteobacteria,Gammaproteobacteria,Pseudomonadales,Moraxellaceae,Acinetobacter,Acinetobacter schindleri,Acinetobacter_schindleri,TRUE,TRUE,FALSE,TRUE,FALSE,FALSE,TRUE,very likely non-producer,Non-producer,4,TRUE,0.024670213965623484,0.005326430712234596,0.018083194055275767,0.017523215963805943,0.09333719723504523
Bacteria;Proteobacteria;Gammaproteobacteria;Pseudomonadales;Moraxellaceae;Acinetobacter;Acinetobacter sp. NEB 394,Bacteria,Proteobacteria,Gammaproteobacteria,Pseudomonadales,Moraxellaceae,Acinetobacter,Acinetobacter sp. NEB 394,Acinetobacter_sp._NEB_394,FALSE,TRUE,FALSE,TRUE,FALSE,FALSE,TRUE,NA,Precursor salvager,3,TRUE,0.01781082840075889,8.169585182479292e-4,0.01131895348495151,0.032123833817465856,0.06264108786005261
Bacteria;Proteobacteria;Gammaproteobacteria;Pseudomonadales;Moraxellaceae;Acinetobacter;Acinetobacter ursingii,Bacteria,Proteobacteria,Gammaproteobacteria,Pseudomonadales,Moraxellaceae,Acinetobacter,Acinetobacter ursingii,Acinetobacter_ursingii,TRUE,TRUE,FALSE,TRUE,FALSE,FALSE,TRUE,Cbi salvager,Precursor salvager,4,TRUE,0.13086683970645246,0.030039490514433102,0.13692366898286612,0.5326825225150982,0.06508484427095572
Bacteria;Proteobacteria;Gammaproteobacteria;Pseudomonadales;Moraxellaceae;Moraxella;Moraxella osloensis,Bacteria,Proteobacteria,Gammaproteobacteria,Pseudomonadales,Moraxellaceae,Moraxella,Moraxella osloensis,Moraxella_osloensis,FALSE,TRUE,FALSE,TRUE,FALSE,FALSE,TRUE,very likely non-producer,Non-producer,3,TRUE,0.8099862244713043,0.31195392545853057,0.9434526567701959,1.3847295315744363,1.453014377520021
Bacteria;Proteobacteria;Gammaproteobacteria;Pseudomonadales;Pseudomonadaceae;Pseudomonas;Pseudomonas aeruginosa,Bacteria,Proteobacteria,Gammaproteobacteria,Pseudomonadales,Pseudomonadaceae,Pseudomonas,Pseudomonas aeruginosa,Pseudomonas_aeruginosa,TRUE,TRUE,FALSE,TRUE,FALSE,FALSE,TRUE,likely corrinoid producer,Producer,4,TRUE,0.1556243634701921,0.02167790197682158,0.14289700487180765,0.1526004580057397,0.5381046830797864
Bacteria;Proteobacteria;Gammaproteobacteria;Pseudomonadales;Pseudomonadaceae;Pseudomonas;Pseudomonas alcaligenes,Bacteria,Proteobacteria,Gammaproteobacteria,Pseudomonadales,Pseudomonadaceae,Pseudomonas,Pseudomonas alcaligenes,Pseudomonas_alcaligenes,FALSE,TRUE,FALSE,TRUE,FALSE,FALSE,TRUE,very likely corrinoid producer,Producer,3,TRUE,0.09059778691685566,0.0219057525443689,0.1918216524907849,0.1615198239718243,0.04663045497926537
Bacteria;Proteobacteria;Gammaproteobacteria;Pseudomonadales;Pseudomonadaceae;Pseudomonas;Pseudomonas azotoformans,Bacteria,Proteobacteria,Gammaproteobacteria,Pseudomonadales,Pseudomonadaceae,Pseudomonas,Pseudomonas azotoformans,Pseudomonas_azotoformans,FALSE,TRUE,FALSE,TRUE,FALSE,FALSE,TRUE,very likely corrinoid producer,Producer,3,TRUE,0.020118366498808927,0.006199465781981639,0.02577098800449294,0.0678987374247848,0.009157671588562614
Bacteria;Proteobacteria;Gammaproteobacteria;Pseudomonadales;Pseudomonadaceae;Pseudomonas;Pseudomonas fluorescens,Bacteria,Proteobacteria,Gammaproteobacteria,Pseudomonadales,Pseudomonadaceae,Pseudomonas,Pseudomonas fluorescens,Pseudomonas_fluorescens,FALSE,TRUE,FALSE,TRUE,FALSE,FALSE,TRUE,very likely corrinoid producer,Producer,3,TRUE,0.11231201778291265,0.03277111867936025,0.15372398419628608,0.3566791569129192,0.05757292567028292
Bacteria;Proteobacteria;Gammaproteobacteria;Pseudomonadales;Pseudomonadaceae;Pseudomonas;Pseudomonas luteola,Bacteria,Proteobacteria,Gammaproteobacteria,Pseudomonadales,Pseudomonadaceae,Pseudomonas,Pseudomonas luteola,Pseudomonas_luteola,FALSE,TRUE,FALSE,TRUE,FALSE,FALSE,FALSE,possible corrinoid producer,Producer,2,TRUE,0.01971673167657942,0.009059932866996566,0.02877542853294653,0.03065773771645107,0.024132958002885275
Bacteria;Proteobacteria;Gammaproteobacteria;Pseudomonadales;Pseudomonadaceae;Pseudomonas;Pseudomonas oryzihabitans,Bacteria,Proteobacteria,Gammaproteobacteria,Pseudomonadales,Pseudomonadaceae,Pseudomonas,Pseudomonas oryzihabitans,Pseudomonas_oryzihabitans,FALSE,TRUE,FALSE,TRUE,FALSE,FALSE,TRUE,very likely corrinoid producer,Producer,3,TRUE,0.029164626216260717,0.007929267940093557,0.0354327435432761,0.07256417461667032,0.04030446891613531
Bacteria;Proteobacteria;Gammaproteobacteria;Pseudomonadales;Pseudomonadaceae;Pseudomonas;Pseudomonas putida,Bacteria,Proteobacteria,Gammaproteobacteria,Pseudomonadales,Pseudomonadaceae,Pseudomonas,Pseudomonas putida,Pseudomonas_putida,FALSE,TRUE,FALSE,TRUE,FALSE,FALSE,TRUE,very likely corrinoid producer,Producer,3,TRUE,0.21438124237888265,0.027140916129706125,0.2285827447284953,0.5338588511328916,0.43293772628958876
Bacteria;Proteobacteria;Gammaproteobacteria;Pseudomonadales;Pseudomonadaceae;Pseudomonas;Pseudomonas rhodesiae,Bacteria,Proteobacteria,Gammaproteobacteria,Pseudomonadales,Pseudomonadaceae,Pseudomonas,Pseudomonas rhodesiae,Pseudomonas_rhodesiae,FALSE,TRUE,FALSE,TRUE,FALSE,FALSE,TRUE,very likely corrinoid producer,Producer,3,TRUE,0.015357936628866968,0.0011853363728555751,0.028370869230126692,0.04744304988692323,0.005400185611946278
Bacteria;Proteobacteria;Gammaproteobacteria;Pseudomonadales;Pseudomonadaceae;Pseudomonas;Pseudomonas sp. LTJR-52,Bacteria,Proteobacteria,Gammaproteobacteria,Pseudomonadales,Pseudomonadaceae,Pseudomonas,Pseudomonas sp. LTJR-52,Pseudomonas_sp._LTJR-52,FALSE,TRUE,FALSE,TRUE,FALSE,FALSE,TRUE,NA,Precursor salvager,3,TRUE,0.018362027831682916,0.0087750321731403,0.02515392027079342,0.02949993862209636,0.023570908803753884
Bacteria;Proteobacteria;Gammaproteobacteria;Pseudomonadales;Pseudomonadaceae;Pseudomonas;Pseudomonas stutzeri,Bacteria,Proteobacteria,Gammaproteobacteria,Pseudomonadales,Pseudomonadaceae,Pseudomonas,Pseudomonas stutzeri,Pseudomonas_stutzeri,TRUE,TRUE,FALSE,TRUE,FALSE,FALSE,TRUE,Cbi salvager,Precursor salvager,4,TRUE,0.03990604552625473,0.009387734063599646,0.05702464548168632,0.07333738921608884,0.06570659089498591
Bacteria;Proteobacteria;Gammaproteobacteria;Xanthomonadales;Xanthomonadaceae;Stenotrophomonas;Stenotrophomonas maltophilia,Bacteria,Proteobacteria,Gammaproteobacteria,Xanthomonadales,Xanthomonadaceae,Stenotrophomonas,Stenotrophomonas maltophilia,Stenotrophomonas_maltophilia,FALSE,TRUE,FALSE,FALSE,FALSE,FALSE,TRUE,very likely non-producer,Non-producer,2,TRUE,0.2948728480882586,0.03156065442817281,0.5351909663034701,0.4293557546915115,0.4862818761120157
Bacteria;Proteobacteria;Gammaproteobacteria;Xanthomonadales;Xanthomonadaceae;Xanthomonas;Xanthomonas campestris,Bacteria,Proteobacteria,Gammaproteobacteria,Xanthomonadales,Xanthomonadaceae,Xanthomonas,Xanthomonas campestris,Xanthomonas_campestris,FALSE,TRUE,FALSE,TRUE,FALSE,FALSE,TRUE,Cbi salvager,Precursor salvager,3,TRUE,0.20616219614265785,0.03855506667926374,0.17192191082339378,1.0624022707086058,0.01886474116480107
Eukaryota;Basidiomycota;Malasseziomycetes;Malasseziales;Malasseziaceae;Malassezia;Malassezia restricta,Eukaryota,Basidiomycota,Malasseziomycetes,Malasseziales,Malasseziaceae,Malassezia,Malassezia restricta,Malassezia_restricta,FALSE,FALSE,FALSE,FALSE,FALSE,FALSE,FALSE,NA,Non-producer,0,FALSE,5.061007416465681,8.102660370538237,3.3891333268359998,4.429909217739337,0.2437914525781874
