SampleID,Gene.ID,name,taxonomy_id,taxonomy_lvl,kraken_assigned_reads,added_reads,new_est_reads,Gene.Ortholog.Group,Gene.Length,aa_cov,Cov,nt_cov,TotalRpoBHitsInSample,Protein.Description,SkinSite,microenvironment,NormHits,superkingdom,phylum,class,order,family,genus,species
LKMN002-3-94_S293,PF01955_seed,Porphyromonas gingivalis,837,S,118,0,118,cbiZ,191,109,57.06806283,327,16173,Cobamide biosynthesis,Mock,Mock,0.6178010471204188,Bacteria,Bacteroidetes,Bacteroidia,Bacteroidales,Porphyromonadaceae,Porphyromonas,Porphyromonas gingivalis
LKMN002-3-94_S293,PF01955_seed,Luteovulum sphaeroides,1063,S,45,0,45,cbiZ,191,109,57.06806283,327,16173,Cobamide biosynthesis,Mock,Mock,0.2356020942408377,Bacteria,Proteobacteria,Alphaproteobacteria,Rhodobacterales,Rhodobacteraceae,Luteovulum,Luteovulum sphaeroides
LKMN002-3-94_S293,PF02283_seed,Luteovulum sphaeroides,1063,S,311,0,311,cobP_cobU,167,167,100,501,16173,Cobamide biosynthesis,Mock,Mock,1.8622754491017963,Bacteria,Proteobacteria,Alphaproteobacteria,Rhodobacterales,Rhodobacteraceae,Luteovulum,Luteovulum sphaeroides
LKMN002-3-94_S293,PF02283_seed,Pseudomonas aeruginosa,287,S,19,7,26,cobP_cobU,167,167,100,501,16173,Cobamide biosynthesis,Mock,Mock,0.15568862275449102,Bacteria,Proteobacteria,Gammaproteobacteria,Pseudomonadales,Pseudomonadaceae,Pseudomonas,Pseudomonas aeruginosa
LKMN002-3-94_S293,PF02283_seed,Porphyromonas gingivalis,837,S,160,0,160,cobP_cobU,167,167,100,501,16173,Cobamide biosynthesis,Mock,Mock,0.9580838323353293,Bacteria,Bacteroidetes,Bacteroidia,Bacteroidales,Porphyromonadaceae,Porphyromonas,Porphyromonas gingivalis
LKMN002-3-94_S293,PF02283_seed,Cutibacterium acnes,1747,S,1,0,1,cobP_cobU,167,167,100,501,16173,Cobamide biosynthesis,Mock,Mock,0.005988023952095809,Bacteria,Actinobacteria,Actinomycetia,Propionibacteriales,Propionibacteriaceae,Cutibacterium,Cutibacterium acnes
LKMN002-3-94_S293,PF02570_seed,Porphyromonas gingivalis,837,S,290,0,290,cobH_cbiC,196,195,99.48979592,585,16173,Cobamide biosynthesis,Mock,Mock,1.4795918367346939,Bacteria,Bacteroidetes,Bacteroidia,Bacteroidales,Porphyromonadaceae,Porphyromonas,Porphyromonas gingivalis
LKMN002-3-94_S293,PF02570_seed,Luteovulum sphaeroides,1063,S,192,0,192,cobH_cbiC,196,195,99.48979592,585,16173,Cobamide biosynthesis,Mock,Mock,0.9795918367346939,Bacteria,Proteobacteria,Alphaproteobacteria,Rhodobacterales,Rhodobacteraceae,Luteovulum,Luteovulum sphaeroides
LKMN002-3-94_S293,PF02570_seed,Pseudomonas aeruginosa,287,S,31,0,31,cobH_cbiC,196,195,99.48979592,585,16173,Cobamide biosynthesis,Mock,Mock,0.15816326530612246,Bacteria,Proteobacteria,Gammaproteobacteria,Pseudomonadales,Pseudomonadaceae,Pseudomonas,Pseudomonas aeruginosa
LKMN002-3-94_S293,PF02570_seed,Cutibacterium acnes,1747,S,5,0,5,cobH_cbiC,196,195,99.48979592,585,16173,Cobamide biosynthesis,Mock,Mock,0.025510204081632654,Bacteria,Actinobacteria,Actinomycetia,Propionibacteriales,Propionibacteriaceae,Cutibacterium,Cutibacterium acnes
LKMN002-3-94_S293,PF06751_seed,Escherichia coli,562,S,6,922,928,eutB,436,435,99.7706422,1305,16173,Cobamide dependent enzymes,Mock,Mock,2.128440366972477,Bacteria,Proteobacteria,Gammaproteobacteria,Enterobacterales,Enterobacteriaceae,Escherichia,Escherichia coli
LKMN002-3-94_S293,PF06751_seed,Escherichia albertii,208962,S,2,5,7,eutB,436,435,99.7706422,1305,16173,Cobamide dependent enzymes,Mock,Mock,0.016055045871559634,Bacteria,Proteobacteria,Gammaproteobacteria,Enterobacterales,Enterobacteriaceae,Escherichia,Escherichia albertii
LKMN002-3-94_S293,PF06751_seed,Yokenella regensburgei,158877,S,1,1,2,eutB,436,435,99.7706422,1305,16173,Cobamide dependent enzymes,Mock,Mock,0.0045871559633027525,Bacteria,Proteobacteria,Gammaproteobacteria,Enterobacterales,Enterobacteriaceae,Yokenella,Yokenella regensburgei
LKMN002-3-94_S293,PF06751_seed,Pseudomonas aeruginosa,287,S,60,37,97,eutB,436,435,99.7706422,1305,16173,Cobamide dependent enzymes,Mock,Mock,0.22247706422018348,Bacteria,Proteobacteria,Gammaproteobacteria,Pseudomonadales,Pseudomonadaceae,Pseudomonas,Pseudomonas aeruginosa
LKMN002-3-94_S293,PF06751_seed,Acinetobacter baumannii,470,S,15,0,15,eutB,436,435,99.7706422,1305,16173,Cobamide dependent enzymes,Mock,Mock,0.034403669724770644,Bacteria,Proteobacteria,Gammaproteobacteria,Pseudomonadales,Moraxellaceae,Acinetobacter,Acinetobacter baumannii
LKMN002-3-94_S293,PF06751_seed,Enterococcus faecalis,1351,S,2,0,2,eutB,436,435,99.7706422,1305,16173,Cobamide dependent enzymes,Mock,Mock,0.0045871559633027525,Bacteria,Firmicutes,Bacilli,Lactobacillales,Enterococcaceae,Enterococcus,Enterococcus faecalis
LKMN002-3-94_S293,PF09043_seed,Porphyromonas gingivalis,837,S,1050,0,1050,D-lysine aminomutase,508,498,98.03149606,1494,16173,Cobamide dependent enzymes,Mock,Mock,2.0669291338582676,Bacteria,Bacteroidetes,Bacteroidia,Bacteroidales,Porphyromonadaceae,Porphyromonas,Porphyromonas gingivalis
LKMN002-3-94_S293,PF16552_seed,Cutibacterium acnes,1747,S,1,0,1,D-ornithine aminomutase,115,50,43.47826087,150,16173,Cobamide dependent enzymes,Mock,Mock,0.008695652173913044,Bacteria,Actinobacteria,Actinomycetia,Propionibacteriales,Propionibacteriaceae,Cutibacterium,Cutibacterium acnes
LKMN002-3-94_S293,TIGR00086,Streptococcus mutans,1309,S,261,31,292,smpB,144,144,100,432,16173,Single copy genes,Mock,Mock,2.0277777777777777,Bacteria,Firmicutes,Bacilli,Lactobacillales,Streptococcaceae,Streptococcus,Streptococcus mutans
LKMN002-3-94_S293,TIGR00086,Staphylococcus epidermidis,1282,S,174,170,344,smpB,144,144,100,432,16173,Single copy genes,Mock,Mock,2.388888888888889,Bacteria,Firmicutes,Bacilli,Bacillales,Staphylococcaceae,Staphylococcus,Staphylococcus epidermidis
LKMN002-3-94_S293,TIGR00086,Bacillus cereus,1396,S,19,22,41,smpB,144,144,100,432,16173,Single copy genes,Mock,Mock,0.2847222222222222,Bacteria,Firmicutes,Bacilli,Bacillales,Bacillaceae,Bacillus,Bacillus cereus
LKMN002-3-94_S293,TIGR00086,Bacillus cytotoxicus,580165,S,1,0,1,smpB,144,144,100,432,16173,Single copy genes,Mock,Mock,0.006944444444444444,Bacteria,Firmicutes,Bacilli,Bacillales,Bacillaceae,Bacillus,Bacillus cytotoxicus
LKMN002-3-94_S293,TIGR00086,Clostridium beijerinckii,1520,S,2,12,14,smpB,144,144,100,432,16173,Single copy genes,Mock,Mock,0.09722222222222222,Bacteria,Firmicutes,Clostridia,Clostridiales,Clostridiaceae,Clostridium,Clostridium beijerinckii
LKMN002-3-94_S293,TIGR00086,Cutibacterium acnes,1747,S,5,0,5,smpB,144,144,100,432,16173,Single copy genes,Mock,Mock,0.034722222222222224,Bacteria,Actinobacteria,Actinomycetia,Propionibacteriales,Propionibacteriaceae,Cutibacterium,Cutibacterium acnes
LKMN002-3-94_S293,TIGR00086,Schaalia odontolytica,1660,S,1,0,1,smpB,144,144,100,432,16173,Single copy genes,Mock,Mock,0.006944444444444444,Bacteria,Actinobacteria,Actinomycetia,Actinomycetales,Actinomycetaceae,Schaalia,Schaalia odontolytica
LKMN002-3-94_S293,TIGR00086,Luteovulum sphaeroides,1063,S,202,14,216,smpB,144,144,100,432,16173,Single copy genes,Mock,Mock,1.5,Bacteria,Proteobacteria,Alphaproteobacteria,Rhodobacterales,Rhodobacteraceae,Luteovulum,Luteovulum sphaeroides
LKMN002-3-94_S293,TIGR00086,Pseudomonas aeruginosa,287,S,28,39,67,smpB,144,144,100,432,16173,Single copy genes,Mock,Mock,0.4652777777777778,Bacteria,Proteobacteria,Gammaproteobacteria,Pseudomonadales,Pseudomonadaceae,Pseudomonas,Pseudomonas aeruginosa
LKMN002-3-94_S293,TIGR00086,Acinetobacter baumannii,470,S,2,5,7,smpB,144,144,100,432,16173,Single copy genes,Mock,Mock,0.04861111111111111,Bacteria,Proteobacteria,Gammaproteobacteria,Pseudomonadales,Moraxellaceae,Acinetobacter,Acinetobacter baumannii
LKMN002-3-94_S293,TIGR00086,Neisseria meningitidis,487,S,6,0,6,smpB,144,144,100,432,16173,Single copy genes,Mock,Mock,0.041666666666666664,Bacteria,Proteobacteria,Betaproteobacteria,Neisseriales,Neisseriaceae,Neisseria,Neisseria meningitidis
LKMN002-3-94_S293,TIGR00086,Helicobacter pylori,210,S,1,0,1,smpB,144,144,100,432,16173,Single copy genes,Mock,Mock,0.006944444444444444,Bacteria,Proteobacteria,Epsilonproteobacteria,Campylobacterales,Helicobacteraceae,Helicobacter,Helicobacter pylori
LKMN002-3-94_S293,TIGR00086,Porphyromonas gingivalis,837,S,348,0,348,smpB,144,144,100,432,16173,Single copy genes,Mock,Mock,2.4166666666666665,Bacteria,Bacteroidetes,Bacteroidia,Bacteroidales,Porphyromonadaceae,Porphyromonas,Porphyromonas gingivalis
LKMN002-3-94_S293,TIGR00276,Escherichia marmotae,1499973,S,2,528,530,queG,337,337,100,1011,16173,Cobamide dependent enzymes,Mock,Mock,1.572700296735905,Bacteria,Proteobacteria,Gammaproteobacteria,Enterobacterales,Enterobacteriaceae,Escherichia,Escherichia marmotae
LKMN002-3-94_S293,TIGR00276,Pseudomonas aeruginosa,287,S,100,21,121,queG,337,337,100,1011,16173,Cobamide dependent enzymes,Mock,Mock,0.3590504451038576,Bacteria,Proteobacteria,Gammaproteobacteria,Pseudomonadales,Pseudomonadaceae,Pseudomonas,Pseudomonas aeruginosa
LKMN002-3-94_S293,TIGR00276,Acinetobacter baumannii,470,S,5,3,8,queG,337,337,100,1011,16173,Cobamide dependent enzymes,Mock,Mock,0.02373887240356083,Bacteria,Proteobacteria,Gammaproteobacteria,Pseudomonadales,Moraxellaceae,Acinetobacter,Acinetobacter baumannii
LKMN002-3-94_S293,TIGR00276,Luteovulum sphaeroides,1063,S,385,2,387,queG,337,337,100,1011,16173,Cobamide dependent enzymes,Mock,Mock,1.1483679525222552,Bacteria,Proteobacteria,Alphaproteobacteria,Rhodobacterales,Rhodobacteraceae,Luteovulum,Luteovulum sphaeroides
LKMN002-3-94_S293,TIGR00276,Staphylococcus epidermidis,1282,S,255,4,259,queG,337,337,100,1011,16173,Cobamide dependent enzymes,Mock,Mock,0.7685459940652819,Bacteria,Firmicutes,Bacilli,Bacillales,Staphylococcaceae,Staphylococcus,Staphylococcus epidermidis
LKMN002-3-94_S293,TIGR00276,Bacillus cereus,1396,S,20,37,57,queG,337,337,100,1011,16173,Cobamide dependent enzymes,Mock,Mock,0.16913946587537093,Bacteria,Firmicutes,Bacilli,Bacillales,Bacillaceae,Bacillus,Bacillus cereus
LKMN002-3-94_S293,TIGR00276,Streptococcus mutans,1309,S,237,46,283,queG,337,337,100,1011,16173,Cobamide dependent enzymes,Mock,Mock,0.8397626112759644,Bacteria,Firmicutes,Bacilli,Lactobacillales,Streptococcaceae,Streptococcus,Streptococcus mutans
LKMN002-3-94_S293,TIGR00276,Porphyromonas gingivalis,837,S,280,0,280,queG,337,337,100,1011,16173,Cobamide dependent enzymes,Mock,Mock,0.8308605341246291,Bacteria,Bacteroidetes,Bacteroidia,Bacteroidales,Porphyromonadaceae,Porphyromonas,Porphyromonas gingivalis
LKMN002-3-94_S293,TIGR00313,Luteovulum sphaeroides,1063,S,717,0,717,cobQ_cbiP,477,331,69.39203354,993,16173,Cobamide biosynthesis,Mock,Mock,1.5031446540880504,Bacteria,Proteobacteria,Alphaproteobacteria,Rhodobacterales,Rhodobacteraceae,Luteovulum,Luteovulum sphaeroides
LKMN002-3-94_S293,TIGR00313,Pseudomonas aeruginosa,287,S,44,3,47,cobQ_cbiP,477,331,69.39203354,993,16173,Cobamide biosynthesis,Mock,Mock,0.09853249475890985,Bacteria,Proteobacteria,Gammaproteobacteria,Pseudomonadales,Pseudomonadaceae,Pseudomonas,Pseudomonas aeruginosa
LKMN002-3-94_S293,TIGR00313,Porphyromonas gingivalis,837,S,523,0,523,cobQ_cbiP,477,331,69.39203354,993,16173,Cobamide biosynthesis,Mock,Mock,1.0964360587002095,Bacteria,Bacteroidetes,Bacteroidia,Bacteroidales,Porphyromonadaceae,Porphyromonas,Porphyromonas gingivalis
LKMN002-3-94_S293,TIGR00313,Phocaeicola vulgatus,821,S,1,0,1,cobQ_cbiP,477,331,69.39203354,993,16173,Cobamide biosynthesis,Mock,Mock,0.0020964360587002098,Bacteria,Bacteroidetes,Bacteroidia,Bacteroidales,Order Bacteroidales,Phocaeicola,Phocaeicola vulgatus
LKMN002-3-94_S293,TIGR00313,Clostridium beijerinckii,1520,S,12,18,30,cobQ_cbiP,477,331,69.39203354,993,16173,Cobamide biosynthesis,Mock,Mock,0.06289308176100629,Bacteria,Firmicutes,Clostridia,Clostridiales,Clostridiaceae,Clostridium,Clostridium beijerinckii
LKMN002-3-94_S293,TIGR00313,Cutibacterium acnes,1747,S,5,0,5,cobQ_cbiP,477,331,69.39203354,993,16173,Cobamide biosynthesis,Mock,Mock,0.010482180293501049,Bacteria,Actinobacteria,Actinomycetia,Propionibacteriales,Propionibacteriaceae,Cutibacterium,Cutibacterium acnes
LKMN002-3-94_S293,TIGR00317,Escherichia coli,562,S,3,320,323,cobS,241,241,100,723,16173,Cobamide biosynthesis,Mock,Mock,1.3402489626556016,Bacteria,Proteobacteria,Gammaproteobacteria,Enterobacterales,Enterobacteriaceae,Escherichia,Escherichia coli
LKMN002-3-94_S293,TIGR00317,Pseudomonas aeruginosa,287,S,3,0,3,cobS,241,241,100,723,16173,Cobamide biosynthesis,Mock,Mock,0.012448132780082987,Bacteria,Proteobacteria,Gammaproteobacteria,Pseudomonadales,Pseudomonadaceae,Pseudomonas,Pseudomonas aeruginosa
LKMN002-3-94_S293,TIGR00317,Acinetobacter baumannii,470,S,1,1,2,cobS,241,241,100,723,16173,Cobamide biosynthesis,Mock,Mock,0.008298755186721992,Bacteria,Proteobacteria,Gammaproteobacteria,Pseudomonadales,Moraxellaceae,Acinetobacter,Acinetobacter baumannii
LKMN002-3-94_S293,TIGR00317,Luteovulum sphaeroides,1063,S,34,0,34,cobS,241,241,100,723,16173,Cobamide biosynthesis,Mock,Mock,0.14107883817427386,Bacteria,Proteobacteria,Alphaproteobacteria,Rhodobacterales,Rhodobacteraceae,Luteovulum,Luteovulum sphaeroides
LKMN002-3-94_S293,TIGR00317,Porphyromonas gingivalis,837,S,64,0,64,cobS,241,241,100,723,16173,Cobamide biosynthesis,Mock,Mock,0.26556016597510373,Bacteria,Bacteroidetes,Bacteroidia,Bacteroidales,Porphyromonadaceae,Porphyromonas,Porphyromonas gingivalis
LKMN002-3-94_S293,TIGR00317,Phocaeicola vulgatus,821,S,2,0,2,cobS,241,241,100,723,16173,Cobamide biosynthesis,Mock,Mock,0.008298755186721992,Bacteria,Bacteroidetes,Bacteroidia,Bacteroidales,Order Bacteroidales,Phocaeicola,Phocaeicola vulgatus
LKMN002-3-94_S293,TIGR00317,Clostridium beijerinckii,1520,S,2,1,3,cobS,241,241,100,723,16173,Cobamide biosynthesis,Mock,Mock,0.012448132780082987,Bacteria,Firmicutes,Clostridia,Clostridiales,Clostridiaceae,Clostridium,Clostridium beijerinckii
LKMN002-3-94_S293,TIGR00379,Porphyromonas gingivalis,837,S,265,0,265,cobB_cbiA,449,278,61.91536748,834,16173,Cobamide biosynthesis,Mock,Mock,0.5902004454342984,Bacteria,Bacteroidetes,Bacteroidia,Bacteroidales,Porphyromonadaceae,Porphyromonas,Porphyromonas gingivalis
LKMN002-3-94_S293,TIGR00379,Luteovulum sphaeroides,1063,S,58,0,58,cobB_cbiA,449,278,61.91536748,834,16173,Cobamide biosynthesis,Mock,Mock,0.1291759465478842,Bacteria,Proteobacteria,Alphaproteobacteria,Rhodobacterales,Rhodobacteraceae,Luteovulum,Luteovulum sphaeroides
LKMN002-3-94_S293,TIGR00379,Pseudomonas aeruginosa,287,S,20,0,20,cobB_cbiA,449,278,61.91536748,834,16173,Cobamide biosynthesis,Mock,Mock,0.044543429844097995,Bacteria,Proteobacteria,Gammaproteobacteria,Pseudomonadales,Pseudomonadaceae,Pseudomonas,Pseudomonas aeruginosa
LKMN002-3-94_S293,TIGR00379,Clostridium beijerinckii,1520,S,7,10,17,cobB_cbiA,449,278,61.91536748,834,16173,Cobamide biosynthesis,Mock,Mock,0.0378619153674833,Bacteria,Firmicutes,Clostridia,Clostridiales,Clostridiaceae,Clostridium,Clostridium beijerinckii
LKMN002-3-94_S293,TIGR00379,Cutibacterium acnes,1747,S,2,0,2,cobB_cbiA,449,278,61.91536748,834,16173,Cobamide biosynthesis,Mock,Mock,0.004454342984409799,Bacteria,Actinobacteria,Actinomycetia,Propionibacteriales,Propionibacteriaceae,Cutibacterium,Cutibacterium acnes
LKMN002-3-94_S293,TIGR00380,Luteovulum sphaeroides,1063,S,189,0,189,cobD_cbiB,305,145,47.54098361,435,16173,Cobamide biosynthesis,Mock,Mock,0.6196721311475409,Bacteria,Proteobacteria,Alphaproteobacteria,Rhodobacterales,Rhodobacteraceae,Luteovulum,Luteovulum sphaeroides
LKMN002-3-94_S293,TIGR00380,Pseudomonas aeruginosa,287,S,18,0,18,cobD_cbiB,305,145,47.54098361,435,16173,Cobamide biosynthesis,Mock,Mock,0.05901639344262295,Bacteria,Proteobacteria,Gammaproteobacteria,Pseudomonadales,Pseudomonadaceae,Pseudomonas,Pseudomonas aeruginosa
LKMN002-3-94_S293,TIGR00380,Porphyromonas gingivalis,837,S,134,0,134,cobD_cbiB,305,145,47.54098361,435,16173,Cobamide biosynthesis,Mock,Mock,0.43934426229508194,Bacteria,Bacteroidetes,Bacteroidia,Bacteroidales,Porphyromonadaceae,Porphyromonas,Porphyromonas gingivalis
LKMN002-3-94_S293,TIGR00380,Clostridium beijerinckii,1520,S,12,1,13,cobD_cbiB,305,145,47.54098361,435,16173,Cobamide biosynthesis,Mock,Mock,0.04262295081967213,Bacteria,Firmicutes,Clostridia,Clostridiales,Clostridiaceae,Clostridium,Clostridium beijerinckii
LKMN002-3-94_S293,TIGR00642,Porphyromonas gingivalis,837,S,1476,0,1476,mutA,642,619,96.41744548,1857,16173,Cobamide dependent enzymes,Mock,Mock,2.2990654205607477,Bacteria,Bacteroidetes,Bacteroidia,Bacteroidales,Porphyromonadaceae,Porphyromonas,Porphyromonas gingivalis
LKMN002-3-94_S293,TIGR00642,Phocaeicola vulgatus,821,S,2,0,2,mutA,642,619,96.41744548,1857,16173,Cobamide dependent enzymes,Mock,Mock,0.003115264797507788,Bacteria,Bacteroidetes,Bacteroidia,Bacteroidales,Order Bacteroidales,Phocaeicola,Phocaeicola vulgatus
LKMN002-3-94_S293,TIGR00642,Escherichia marmotae,1499973,S,1,147,148,mutA,642,619,96.41744548,1857,16173,Cobamide dependent enzymes,Mock,Mock,0.23052959501557632,Bacteria,Proteobacteria,Gammaproteobacteria,Enterobacterales,Enterobacteriaceae,Escherichia,Escherichia marmotae
LKMN002-3-94_S293,TIGR00642,Salmonella bongori,54736,S,1,45,46,mutA,642,619,96.41744548,1857,16173,Cobamide dependent enzymes,Mock,Mock,0.07165109034267912,Bacteria,Proteobacteria,Gammaproteobacteria,Enterobacterales,Enterobacteriaceae,Salmonella,Salmonella bongori
LKMN002-3-94_S293,TIGR00642,Luteovulum sphaeroides,1063,S,189,0,189,mutA,642,619,96.41744548,1857,16173,Cobamide dependent enzymes,Mock,Mock,0.29439252336448596,Bacteria,Proteobacteria,Alphaproteobacteria,Rhodobacterales,Rhodobacteraceae,Luteovulum,Luteovulum sphaeroides
LKMN002-3-94_S293,TIGR00642,Cutibacterium acnes,1747,S,13,0,13,mutA,642,619,96.41744548,1857,16173,Cobamide dependent enzymes,Mock,Mock,0.020249221183800622,Bacteria,Actinobacteria,Actinomycetia,Propionibacteriales,Propionibacteriaceae,Cutibacterium,Cutibacterium acnes
LKMN002-3-94_S293,TIGR00642,Deinococcus radiodurans,1299,S,2,0,2,mutA,642,619,96.41744548,1857,16173,Cobamide dependent enzymes,Mock,Mock,0.003115264797507788,Bacteria,Deinococcus-Thermus,Deinococci,Deinococcales,Deinococcaceae,Deinococcus,Deinococcus radiodurans
LKMN002-3-94_S293,TIGR01465,Porphyromonas gingivalis,837,S,533,0,533,cobM_cbiF,247,247,100,741,16173,Cobamide biosynthesis,Mock,Mock,2.1578947368421053,Bacteria,Bacteroidetes,Bacteroidia,Bacteroidales,Porphyromonadaceae,Porphyromonas,Porphyromonas gingivalis
LKMN002-3-94_S293,TIGR01465,Luteovulum sphaeroides,1063,S,440,0,440,cobM_cbiF,247,247,100,741,16173,Cobamide biosynthesis,Mock,Mock,1.7813765182186234,Bacteria,Proteobacteria,Alphaproteobacteria,Rhodobacterales,Rhodobacteraceae,Luteovulum,Luteovulum sphaeroides
LKMN002-3-94_S293,TIGR01465,Pseudomonas aeruginosa,287,S,45,0,45,cobM_cbiF,247,247,100,741,16173,Cobamide biosynthesis,Mock,Mock,0.18218623481781376,Bacteria,Proteobacteria,Gammaproteobacteria,Pseudomonadales,Pseudomonadaceae,Pseudomonas,Pseudomonas aeruginosa
LKMN002-3-94_S293,TIGR01465,Clostridium beijerinckii,1520,S,12,21,33,cobM_cbiF,247,247,100,741,16173,Cobamide biosynthesis,Mock,Mock,0.13360323886639677,Bacteria,Firmicutes,Clostridia,Clostridiales,Clostridiaceae,Clostridium,Clostridium beijerinckii
LKMN002-3-94_S293,TIGR01465,Cutibacterium acnes,1747,S,5,0,5,cobM_cbiF,247,247,100,741,16173,Cobamide biosynthesis,Mock,Mock,0.020242914979757085,Bacteria,Actinobacteria,Actinomycetia,Propionibacteriales,Propionibacteriaceae,Cutibacterium,Cutibacterium acnes
LKMN002-3-94_S293,TIGR01466,Porphyromonas gingivalis,837,S,413,0,413,cobJ_cbiH,239,238,99.58158996,714,16173,Cobamide biosynthesis,Mock,Mock,1.7280334728033473,Bacteria,Bacteroidetes,Bacteroidia,Bacteroidales,Porphyromonadaceae,Porphyromonas,Porphyromonas gingivalis
LKMN002-3-94_S293,TIGR01466,Luteovulum sphaeroides,1063,S,227,0,227,cobJ_cbiH,239,238,99.58158996,714,16173,Cobamide biosynthesis,Mock,Mock,0.9497907949790795,Bacteria,Proteobacteria,Alphaproteobacteria,Rhodobacterales,Rhodobacteraceae,Luteovulum,Luteovulum sphaeroides
LKMN002-3-94_S293,TIGR01466,Pseudomonas aeruginosa,287,S,24,0,24,cobJ_cbiH,239,238,99.58158996,714,16173,Cobamide biosynthesis,Mock,Mock,0.100418410041841,Bacteria,Proteobacteria,Gammaproteobacteria,Pseudomonadales,Pseudomonadaceae,Pseudomonas,Pseudomonas aeruginosa
LKMN002-3-94_S293,TIGR01466,Clostridium beijerinckii,1520,S,11,19,30,cobJ_cbiH,239,238,99.58158996,714,16173,Cobamide biosynthesis,Mock,Mock,0.12552301255230125,Bacteria,Firmicutes,Clostridia,Clostridiales,Clostridiaceae,Clostridium,Clostridium beijerinckii
LKMN002-3-94_S293,TIGR01466,Cutibacterium acnes,1747,S,5,0,5,cobJ_cbiH,239,238,99.58158996,714,16173,Cobamide biosynthesis,Mock,Mock,0.02092050209205021,Bacteria,Actinobacteria,Actinomycetia,Propionibacteriales,Propionibacteriaceae,Cutibacterium,Cutibacterium acnes
LKMN002-3-94_S293,TIGR01467,Luteovulum sphaeroides,1063,S,193,0,193,cobI_cbiL,230,199,86.52173913,597,16173,Cobamide biosynthesis,Mock,Mock,0.8391304347826087,Bacteria,Proteobacteria,Alphaproteobacteria,Rhodobacterales,Rhodobacteraceae,Luteovulum,Luteovulum sphaeroides
LKMN002-3-94_S293,TIGR01467,Pseudomonas aeruginosa,287,S,8,0,8,cobI_cbiL,230,199,86.52173913,597,16173,Cobamide biosynthesis,Mock,Mock,0.034782608695652174,Bacteria,Proteobacteria,Gammaproteobacteria,Pseudomonadales,Pseudomonadaceae,Pseudomonas,Pseudomonas aeruginosa
LKMN002-3-94_S293,TIGR01467,Pseudomonas libanensis,75588,S,1,0,1,cobI_cbiL,230,199,86.52173913,597,16173,Cobamide biosynthesis,Mock,Mock,0.004347826086956522,Bacteria,Proteobacteria,Gammaproteobacteria,Pseudomonadales,Pseudomonadaceae,Pseudomonas,Pseudomonas libanensis
LKMN002-3-94_S293,TIGR01467,Porphyromonas gingivalis,837,S,20,0,20,cobI_cbiL,230,199,86.52173913,597,16173,Cobamide biosynthesis,Mock,Mock,0.08695652173913043,Bacteria,Bacteroidetes,Bacteroidia,Bacteroidales,Porphyromonadaceae,Porphyromonas,Porphyromonas gingivalis
LKMN002-3-94_S293,TIGR01467,Clostridium beijerinckii,1520,S,4,13,17,cobI_cbiL,230,199,86.52173913,597,16173,Cobamide biosynthesis,Mock,Mock,0.07391304347826087,Bacteria,Firmicutes,Clostridia,Clostridiales,Clostridiaceae,Clostridium,Clostridium beijerinckii
LKMN002-3-94_S293,TIGR01467,Cutibacterium acnes,1747,S,2,0,2,cobI_cbiL,230,199,86.52173913,597,16173,Cobamide biosynthesis,Mock,Mock,0.008695652173913044,Bacteria,Actinobacteria,Actinomycetia,Propionibacteriales,Propionibacteriaceae,Cutibacterium,Cutibacterium acnes
LKMN002-3-94_S293,TIGR01779,Escherichia coli,562,S,93,1413,1506,btuB,614,614,100,1842,16173,Cobamide dependent enzymes,Mock,Mock,2.452768729641694,Bacteria,Proteobacteria,Gammaproteobacteria,Enterobacterales,Enterobacteriaceae,Escherichia,Escherichia coli
LKMN002-3-94_S293,TIGR01779,Cronobacter sakazakii,28141,S,2,0,2,btuB,614,614,100,1842,16173,Cobamide dependent enzymes,Mock,Mock,0.003257328990228013,Bacteria,Proteobacteria,Gammaproteobacteria,Enterobacterales,Enterobacteriaceae,Cronobacter,Cronobacter sakazakii
LKMN002-3-94_S293,TIGR01779,Kluyvera genomosp. 3,2774055,S,1,0,1,btuB,614,614,100,1842,16173,Cobamide dependent enzymes,Mock,Mock,0.0016286644951140066,Bacteria,Proteobacteria,Gammaproteobacteria,Enterobacterales,Enterobacteriaceae,Kluyvera,Kluyvera genomosp. 3
LKMN002-3-94_S293,TIGR01779,[Enterobacter] lignolyticus,1334193,S,1,0,1,btuB,614,614,100,1842,16173,Cobamide dependent enzymes,Mock,Mock,0.0016286644951140066,Bacteria,Proteobacteria,Gammaproteobacteria,Enterobacterales,Enterobacteriaceae,Pluralibacter,[Enterobacter] lignolyticus
LKMN002-3-94_S293,TIGR01779,Pseudomonas aeruginosa,287,S,188,16,204,btuB,614,614,100,1842,16173,Cobamide dependent enzymes,Mock,Mock,0.3322475570032573,Bacteria,Proteobacteria,Gammaproteobacteria,Pseudomonadales,Pseudomonadaceae,Pseudomonas,Pseudomonas aeruginosa
LKMN002-3-94_S293,TIGR01779,Luteovulum sphaeroides,1063,S,111,0,111,btuB,614,614,100,1842,16173,Cobamide dependent enzymes,Mock,Mock,0.18078175895765472,Bacteria,Proteobacteria,Alphaproteobacteria,Rhodobacterales,Rhodobacteraceae,Luteovulum,Luteovulum sphaeroides
LKMN002-3-94_S293,TIGR01779,Porphyromonas gingivalis,837,S,336,0,336,btuB,614,614,100,1842,16173,Cobamide dependent enzymes,Mock,Mock,0.5472312703583062,Bacteria,Bacteroidetes,Bacteroidia,Bacteroidales,Porphyromonadaceae,Porphyromonas,Porphyromonas gingivalis
LKMN002-3-94_S293,TIGR01953,Escherichia coli,562,S,2,581,583,nusA,340,338,99.41176471,1014,16173,Single copy genes,Mock,Mock,1.714705882352941,Bacteria,Proteobacteria,Gammaproteobacteria,Enterobacterales,Enterobacteriaceae,Escherichia,Escherichia coli
LKMN002-3-94_S293,TIGR01953,Escherichia marmotae,1499973,S,1,5,6,nusA,340,338,99.41176471,1014,16173,Single copy genes,Mock,Mock,0.01764705882352941,Bacteria,Proteobacteria,Gammaproteobacteria,Enterobacterales,Enterobacteriaceae,Escherichia,Escherichia marmotae
LKMN002-3-94_S293,TIGR01953,Pseudomonas aeruginosa,287,S,72,11,83,nusA,340,338,99.41176471,1014,16173,Single copy genes,Mock,Mock,0.24411764705882352,Bacteria,Proteobacteria,Gammaproteobacteria,Pseudomonadales,Pseudomonadaceae,Pseudomonas,Pseudomonas aeruginosa
LKMN002-3-94_S293,TIGR01953,Acinetobacter baumannii,470,S,4,2,6,nusA,340,338,99.41176471,1014,16173,Single copy genes,Mock,Mock,0.01764705882352941,Bacteria,Proteobacteria,Gammaproteobacteria,Pseudomonadales,Moraxellaceae,Acinetobacter,Acinetobacter baumannii
LKMN002-3-94_S293,TIGR01953,Luteovulum sphaeroides,1063,S,509,6,515,nusA,340,338,99.41176471,1014,16173,Single copy genes,Mock,Mock,1.5147058823529411,Bacteria,Proteobacteria,Alphaproteobacteria,Rhodobacterales,Rhodobacteraceae,Luteovulum,Luteovulum sphaeroides
LKMN002-3-94_S293,TIGR01953,Helicobacter pylori,210,S,2,0,2,nusA,340,338,99.41176471,1014,16173,Single copy genes,Mock,Mock,0.0058823529411764705,Bacteria,Proteobacteria,Epsilonproteobacteria,Campylobacterales,Helicobacteraceae,Helicobacter,Helicobacter pylori
LKMN002-3-94_S293,TIGR01953,Streptococcus mutans,1309,S,253,33,286,nusA,340,338,99.41176471,1014,16173,Single copy genes,Mock,Mock,0.8411764705882353,Bacteria,Firmicutes,Bacilli,Lactobacillales,Streptococcaceae,Streptococcus,Streptococcus mutans
LKMN002-3-94_S293,TIGR01953,Staphylococcus epidermidis,1282,S,188,2,190,nusA,340,338,99.41176471,1014,16173,Single copy genes,Mock,Mock,0.5588235294117647,Bacteria,Firmicutes,Bacilli,Bacillales,Staphylococcaceae,Staphylococcus,Staphylococcus epidermidis
LKMN002-3-94_S293,TIGR01953,Bacillus cereus,1396,S,4,54,58,nusA,340,338,99.41176471,1014,16173,Single copy genes,Mock,Mock,0.17058823529411765,Bacteria,Firmicutes,Bacilli,Bacillales,Bacillaceae,Bacillus,Bacillus cereus
LKMN002-3-94_S293,TIGR01953,Cutibacterium acnes,1747,S,4,0,4,nusA,340,338,99.41176471,1014,16173,Single copy genes,Mock,Mock,0.011764705882352941,Bacteria,Actinobacteria,Actinomycetia,Propionibacteriales,Propionibacteriaceae,Cutibacterium,Cutibacterium acnes
LKMN002-3-94_S293,TIGR01953,Porphyromonas gingivalis,837,S,481,0,481,nusA,340,338,99.41176471,1014,16173,Single copy genes,Mock,Mock,1.4147058823529413,Bacteria,Bacteroidetes,Bacteroidia,Bacteroidales,Porphyromonadaceae,Porphyromonas,Porphyromonas gingivalis
LKMN002-3-94_S293,TIGR02013,Luteovulum sphaeroides,1063,S,4662,601,5263,rpoB,1238,1131,91.35702746,3393,16173,Single copy genes,Mock,Mock,4.251211631663974,Bacteria,Proteobacteria,Alphaproteobacteria,Rhodobacterales,Rhodobacteraceae,Luteovulum,Luteovulum sphaeroides
LKMN002-3-94_S293,TIGR02013,Paracoccus aminophilus,34003,S,1,1,2,rpoB,1238,1131,91.35702746,3393,16173,Single copy genes,Mock,Mock,0.0016155088852988692,Bacteria,Proteobacteria,Alphaproteobacteria,Rhodobacterales,Rhodobacteraceae,Paracoccus,Paracoccus aminophilus
LKMN002-3-94_S293,TIGR02013,Pelagovum pacificum,2588711,S,1,0,1,rpoB,1238,1131,91.35702746,3393,16173,Single copy genes,Mock,Mock,8.077544426494346e-4,Bacteria,Proteobacteria,Alphaproteobacteria,Rhodobacterales,Rhodobacteraceae,Pelagovum,Pelagovum pacificum
LKMN002-3-94_S293,TIGR02013,Marinovum algicola,42444,S,1,0,1,rpoB,1238,1131,91.35702746,3393,16173,Single copy genes,Mock,Mock,8.077544426494346e-4,Bacteria,Proteobacteria,Alphaproteobacteria,Rhodobacterales,Rhodobacteraceae,Marinovum,Marinovum algicola
LKMN002-3-94_S293,TIGR02013,Sulfitobacter sp. SK011,1389004,S,1,0,1,rpoB,1238,1131,91.35702746,3393,16173,Single copy genes,Mock,Mock,8.077544426494346e-4,Bacteria,Proteobacteria,Alphaproteobacteria,Rhodobacterales,Rhodobacteraceae,Sulfitobacter,Sulfitobacter sp. SK011
LKMN002-3-94_S293,TIGR02013,Labrenzia alexandrii,388408,S,1,0,1,rpoB,1238,1131,91.35702746,3393,16173,Single copy genes,Mock,Mock,8.077544426494346e-4,Bacteria,Proteobacteria,Alphaproteobacteria,Rhodobacterales,Rhodobacteraceae,Labrenzia,Labrenzia alexandrii
LKMN002-3-94_S293,TIGR02013,Defluviimonas alba,1335048,S,1,0,1,rpoB,1238,1131,91.35702746,3393,16173,Single copy genes,Mock,Mock,8.077544426494346e-4,Bacteria,Proteobacteria,Alphaproteobacteria,Rhodobacterales,Rhodobacteraceae,Defluviimonas,Defluviimonas alba
LKMN002-3-94_S293,TIGR02013,Thioclava electrotropha,1549850,S,1,0,1,rpoB,1238,1131,91.35702746,3393,16173,Single copy genes,Mock,Mock,8.077544426494346e-4,Bacteria,Proteobacteria,Alphaproteobacteria,Rhodobacterales,Rhodobacteraceae,Thioclava,Thioclava electrotropha
LKMN002-3-94_S293,TIGR02013,Chelativorans sp. BNC1,266779,S,1,0,1,rpoB,1238,1131,91.35702746,3393,16173,Single copy genes,Mock,Mock,8.077544426494346e-4,Bacteria,Proteobacteria,Alphaproteobacteria,Rhizobiales,Phyllobacteriaceae,Chelativorans,Chelativorans sp. BNC1
LKMN002-3-94_S293,TIGR02013,Escherichia coli,562,S,2,2955,2957,rpoB,1238,1131,91.35702746,3393,16173,Single copy genes,Mock,Mock,2.388529886914378,Bacteria,Proteobacteria,Gammaproteobacteria,Enterobacterales,Enterobacteriaceae,Escherichia,Escherichia coli
LKMN002-3-94_S293,TIGR02013,Escherichia albertii,208962,S,1,0,1,rpoB,1238,1131,91.35702746,3393,16173,Single copy genes,Mock,Mock,8.077544426494346e-4,Bacteria,Proteobacteria,Gammaproteobacteria,Enterobacterales,Enterobacteriaceae,Escherichia,Escherichia albertii
LKMN002-3-94_S293,TIGR02013,Enterobacter cancerogenus,69218,S,2,0,2,rpoB,1238,1131,91.35702746,3393,16173,Single copy genes,Mock,Mock,0.0016155088852988692,Bacteria,Proteobacteria,Gammaproteobacteria,Enterobacterales,Enterobacteriaceae,Enterobacter,Enterobacter cancerogenus
LKMN002-3-94_S293,TIGR02013,Enterobacter cloacae,550,S,1,0,1,rpoB,1238,1131,91.35702746,3393,16173,Single copy genes,Mock,Mock,8.077544426494346e-4,Bacteria,Proteobacteria,Gammaproteobacteria,Enterobacterales,Enterobacteriaceae,Enterobacter,Enterobacter cloacae
LKMN002-3-94_S293,TIGR02013,Enterobacter hormaechei,158836,S,1,0,1,rpoB,1238,1131,91.35702746,3393,16173,Single copy genes,Mock,Mock,8.077544426494346e-4,Bacteria,Proteobacteria,Gammaproteobacteria,Enterobacterales,Enterobacteriaceae,Enterobacter,Enterobacter hormaechei
LKMN002-3-94_S293,TIGR02013,Citrobacter freundii,546,S,1,1,2,rpoB,1238,1131,91.35702746,3393,16173,Single copy genes,Mock,Mock,0.0016155088852988692,Bacteria,Proteobacteria,Gammaproteobacteria,Enterobacterales,Enterobacteriaceae,Citrobacter,Citrobacter freundii
LKMN002-3-94_S293,TIGR02013,Salmonella enterica,28901,S,1,52,53,rpoB,1238,1131,91.35702746,3393,16173,Single copy genes,Mock,Mock,0.04281098546042003,Bacteria,Proteobacteria,Gammaproteobacteria,Enterobacterales,Enterobacteriaceae,Salmonella,Salmonella enterica
LKMN002-3-94_S293,TIGR02013,Pantoea alhagi,1891675,S,1,0,1,rpoB,1238,1131,91.35702746,3393,16173,Single copy genes,Mock,Mock,8.077544426494346e-4,Bacteria,Proteobacteria,Gammaproteobacteria,Enterobacterales,Erwiniaceae,Pantoea,Pantoea alhagi
LKMN002-3-94_S293,TIGR02013,Xenorhabdus hominickii,351679,S,1,0,1,rpoB,1238,1131,91.35702746,3393,16173,Single copy genes,Mock,Mock,8.077544426494346e-4,Bacteria,Proteobacteria,Gammaproteobacteria,Enterobacterales,Morganellaceae,Xenorhabdus,Xenorhabdus hominickii
LKMN002-3-94_S293,TIGR02013,Pseudomonas aeruginosa,287,S,103,145,248,rpoB,1238,1131,91.35702746,3393,16173,Single copy genes,Mock,Mock,0.20032310177705978,Bacteria,Proteobacteria,Gammaproteobacteria,Pseudomonadales,Pseudomonadaceae,Pseudomonas,Pseudomonas aeruginosa
LKMN002-3-94_S293,TIGR02013,Pseudomonas sp. BJP69,2597770,S,1,0,1,rpoB,1238,1131,91.35702746,3393,16173,Single copy genes,Mock,Mock,8.077544426494346e-4,Bacteria,Proteobacteria,Gammaproteobacteria,Pseudomonadales,Pseudomonadaceae,Pseudomonas,Pseudomonas sp. BJP69
LKMN002-3-94_S293,TIGR02013,Acinetobacter baumannii,470,S,2,23,25,rpoB,1238,1131,91.35702746,3393,16173,Single copy genes,Mock,Mock,0.020193861066235864,Bacteria,Proteobacteria,Gammaproteobacteria,Pseudomonadales,Moraxellaceae,Acinetobacter,Acinetobacter baumannii
LKMN002-3-94_S293,TIGR02013,Methylococcus capsulatus,414,S,2,0,2,rpoB,1238,1131,91.35702746,3393,16173,Single copy genes,Mock,Mock,0.0016155088852988692,Bacteria,Proteobacteria,Gammaproteobacteria,Methylococcales,Methylococcaceae,Methylococcus,Methylococcus capsulatus
LKMN002-3-94_S293,TIGR02013,Hydrocarboniclastica marina,2259620,S,1,0,1,rpoB,1238,1131,91.35702746,3393,16173,Single copy genes,Mock,Mock,8.077544426494346e-4,Bacteria,Proteobacteria,Gammaproteobacteria,Alteromonadales,Alteromonadaceae,Hydrocarboniclastica,Hydrocarboniclastica marina
LKMN002-3-94_S293,TIGR02013,Neisseria meningitidis,487,S,32,2,34,rpoB,1238,1131,91.35702746,3393,16173,Single copy genes,Mock,Mock,0.027463651050080775,Bacteria,Proteobacteria,Betaproteobacteria,Neisseriales,Neisseriaceae,Neisseria,Neisseria meningitidis
LKMN002-3-94_S293,TIGR02013,Janthinobacterium agaricidamnosum,55508,S,2,0,2,rpoB,1238,1131,91.35702746,3393,16173,Single copy genes,Mock,Mock,0.0016155088852988692,Bacteria,Proteobacteria,Betaproteobacteria,Burkholderiales,Oxalobacteraceae,Janthinobacterium,Janthinobacterium agaricidamnosum
LKMN002-3-94_S293,TIGR02013,Hydrogenophaga sp. PBC,795665,S,1,0,1,rpoB,1238,1131,91.35702746,3393,16173,Single copy genes,Mock,Mock,8.077544426494346e-4,Bacteria,Proteobacteria,Betaproteobacteria,Burkholderiales,Comamonadaceae,Hydrogenophaga,Hydrogenophaga sp. PBC
LKMN002-3-94_S293,TIGR02013,Helicobacter pylori,210,S,29,0,29,rpoB,1238,1131,91.35702746,3393,16173,Single copy genes,Mock,Mock,0.023424878836833602,Bacteria,Proteobacteria,Epsilonproteobacteria,Campylobacterales,Helicobacteraceae,Helicobacter,Helicobacter pylori
LKMN002-3-94_S293,TIGR02013,Desulfovibrio gigas,879,S,1,0,1,rpoB,1238,1131,91.35702746,3393,16173,Single copy genes,Mock,Mock,8.077544426494346e-4,Bacteria,Proteobacteria,Deltaproteobacteria,Desulfovibrionales,Desulfovibrionaceae,Desulfovibrio,Desulfovibrio gigas
LKMN002-3-94_S293,TIGR02013,Streptococcus mutans,1309,S,2322,288,2610,rpoB,1238,1131,91.35702746,3393,16173,Single copy genes,Mock,Mock,2.108239095315024,Bacteria,Firmicutes,Bacilli,Lactobacillales,Streptococcaceae,Streptococcus,Streptococcus mutans
LKMN002-3-94_S293,TIGR02013,Streptococcus dysgalactiae,1334,S,3,6,9,rpoB,1238,1131,91.35702746,3393,16173,Single copy genes,Mock,Mock,0.007269789983844911,Bacteria,Firmicutes,Bacilli,Lactobacillales,Streptococcaceae,Streptococcus,Streptococcus dysgalactiae
LKMN002-3-94_S293,TIGR02013,Streptococcus uberis,1349,S,2,0,2,rpoB,1238,1131,91.35702746,3393,16173,Single copy genes,Mock,Mock,0.0016155088852988692,Bacteria,Firmicutes,Bacilli,Lactobacillales,Streptococcaceae,Streptococcus,Streptococcus uberis
LKMN002-3-94_S293,TIGR02013,Lactobacillus gasseri,1596,S,18,4,22,rpoB,1238,1131,91.35702746,3393,16173,Single copy genes,Mock,Mock,0.017770597738287562,Bacteria,Firmicutes,Bacilli,Lactobacillales,Lactobacillaceae,Lactobacillus,Lactobacillus gasseri
LKMN002-3-94_S293,TIGR02013,Enterococcus faecalis,1351,S,2,0,2,rpoB,1238,1131,91.35702746,3393,16173,Single copy genes,Mock,Mock,0.0016155088852988692,Bacteria,Firmicutes,Bacilli,Lactobacillales,Enterococcaceae,Enterococcus,Enterococcus faecalis
LKMN002-3-94_S293,TIGR02013,Staphylococcus epidermidis,1282,S,1769,14,1783,rpoB,1238,1131,91.35702746,3393,16173,Single copy genes,Mock,Mock,1.440226171243942,Bacteria,Firmicutes,Bacilli,Bacillales,Staphylococcaceae,Staphylococcus,Staphylococcus epidermidis
LKMN002-3-94_S293,TIGR02013,Staphylococcus aureus,1280,S,1,0,1,rpoB,1238,1131,91.35702746,3393,16173,Single copy genes,Mock,Mock,8.077544426494346e-4,Bacteria,Firmicutes,Bacilli,Bacillales,Staphylococcaceae,Staphylococcus,Staphylococcus aureus
LKMN002-3-94_S293,TIGR02013,Bacillus cereus,1396,S,28,344,372,rpoB,1238,1131,91.35702746,3393,16173,Single copy genes,Mock,Mock,0.30048465266558966,Bacteria,Firmicutes,Bacilli,Bacillales,Bacillaceae,Bacillus,Bacillus cereus
LKMN002-3-94_S293,TIGR02013,Clostridium beijerinckii,1520,S,186,47,233,rpoB,1238,1131,91.35702746,3393,16173,Single copy genes,Mock,Mock,0.18820678513731826,Bacteria,Firmicutes,Clostridia,Clostridiales,Clostridiaceae,Clostridium,Clostridium beijerinckii
LKMN002-3-94_S293,TIGR02013,Finegoldia magna,1260,S,1,0,1,rpoB,1238,1131,91.35702746,3393,16173,Single copy genes,Mock,Mock,8.077544426494346e-4,Bacteria,Firmicutes,Tissierellia,Tissierellales,Peptoniphilaceae,Finegoldia,Finegoldia magna
LKMN002-3-94_S293,TIGR02013,Anaerococcus vaginalis,33037,S,1,0,1,rpoB,1238,1131,91.35702746,3393,16173,Single copy genes,Mock,Mock,8.077544426494346e-4,Bacteria,Firmicutes,Tissierellia,Tissierellales,Peptoniphilaceae,Anaerococcus,Anaerococcus vaginalis
LKMN002-3-94_S293,TIGR02013,Megasphaera stantonii,2144175,S,1,0,1,rpoB,1238,1131,91.35702746,3393,16173,Single copy genes,Mock,Mock,8.077544426494346e-4,Bacteria,Firmicutes,Negativicutes,Veillonellales,Veillonellaceae,Megasphaera,Megasphaera stantonii
LKMN002-3-94_S293,TIGR02013,Cutibacterium acnes,1747,S,33,0,33,rpoB,1238,1131,91.35702746,3393,16173,Single copy genes,Mock,Mock,0.02665589660743134,Bacteria,Actinobacteria,Actinomycetia,Propionibacteriales,Propionibacteriaceae,Cutibacterium,Cutibacterium acnes
LKMN002-3-94_S293,TIGR02013,Schaalia odontolytica,1660,S,5,0,5,rpoB,1238,1131,91.35702746,3393,16173,Single copy genes,Mock,Mock,0.004038772213247173,Bacteria,Actinobacteria,Actinomycetia,Actinomycetales,Actinomycetaceae,Schaalia,Schaalia odontolytica
LKMN002-3-94_S293,TIGR02013,Corynebacterium tuberculostearicum,38304,S,1,0,1,rpoB,1238,1131,91.35702746,3393,16173,Single copy genes,Mock,Mock,8.077544426494346e-4,Bacteria,Actinobacteria,Actinomycetia,Corynebacteriales,Corynebacteriaceae,Corynebacterium,Corynebacterium tuberculostearicum
LKMN002-3-94_S293,TIGR02013,Corynebacterium striatum,43770,S,1,0,1,rpoB,1238,1131,91.35702746,3393,16173,Single copy genes,Mock,Mock,8.077544426494346e-4,Bacteria,Actinobacteria,Actinomycetia,Corynebacteriales,Corynebacteriaceae,Corynebacterium,Corynebacterium striatum
LKMN002-3-94_S293,TIGR02013,Deinococcus radiodurans,1299,S,2,0,2,rpoB,1238,1131,91.35702746,3393,16173,Single copy genes,Mock,Mock,0.0016155088852988692,Bacteria,Deinococcus-Thermus,Deinococci,Deinococcales,Deinococcaceae,Deinococcus,Deinococcus radiodurans
LKMN002-3-94_S293,TIGR02013,Ureaplasma parvum,134821,S,1,0,1,rpoB,1238,1131,91.35702746,3393,16173,Single copy genes,Mock,Mock,8.077544426494346e-4,Bacteria,Tenericutes,Mollicutes,Mycoplasmatales,Mycoplasmataceae,Ureaplasma,Ureaplasma parvum
LKMN002-3-94_S293,TIGR02013,Porphyromonas gingivalis,837,S,2444,0,2444,rpoB,1238,1131,91.35702746,3393,16173,Single copy genes,Mock,Mock,1.9741518578352182,Bacteria,Bacteroidetes,Bacteroidia,Bacteroidales,Porphyromonadaceae,Porphyromonas,Porphyromonas gingivalis
LKMN002-3-94_S293,TIGR02013,Phocaeicola vulgatus,821,S,3,0,3,rpoB,1238,1131,91.35702746,3393,16173,Single copy genes,Mock,Mock,0.0024232633279483036,Bacteria,Bacteroidetes,Bacteroidia,Bacteroidales,Order Bacteroidales,Phocaeicola,Phocaeicola vulgatus
LKMN002-3-94_S293,TIGR02013,Blattabacterium cuenoti,1653831,S,1,1,2,rpoB,1238,1131,91.35702746,3393,16173,Single copy genes,Mock,Mock,0.0016155088852988692,Bacteria,Bacteroidetes,Flavobacteriia,Flavobacteriales,Blattabacteriaceae,Blattabacterium,Blattabacterium cuenoti
LKMN002-3-94_S293,TIGR02082,Luteovulum sphaeroides,1063,S,2446,24,2470,metH,1182,1173,99.23857868,3519,16173,Cobamide dependent enzymes,Mock,Mock,2.089678510998308,Bacteria,Proteobacteria,Alphaproteobacteria,Rhodobacterales,Rhodobacteraceae,Luteovulum,Luteovulum sphaeroides
LKMN002-3-94_S293,TIGR02082,Novosphingobium resinovorum,158500,S,12,0,12,metH,1182,1173,99.23857868,3519,16173,Cobamide dependent enzymes,Mock,Mock,0.01015228426395939,Bacteria,Proteobacteria,Alphaproteobacteria,Sphingomonadales,Sphingomonadaceae,Novosphingobium,Novosphingobium resinovorum
LKMN002-3-94_S293,TIGR02082,Escherichia coli,562,S,6,1816,1822,metH,1182,1173,99.23857868,3519,16173,Cobamide dependent enzymes,Mock,Mock,1.5414551607445008,Bacteria,Proteobacteria,Gammaproteobacteria,Enterobacterales,Enterobacteriaceae,Escherichia,Escherichia coli
LKMN002-3-94_S293,TIGR02082,Escherichia marmotae,1499973,S,1,5,6,metH,1182,1173,99.23857868,3519,16173,Cobamide dependent enzymes,Mock,Mock,0.005076142131979695,Bacteria,Proteobacteria,Gammaproteobacteria,Enterobacterales,Enterobacteriaceae,Escherichia,Escherichia marmotae
LKMN002-3-94_S293,TIGR02082,Enterobacter cloacae complex sp.,2027919,S,1,25,26,metH,1182,1173,99.23857868,3519,16173,Cobamide dependent enzymes,Mock,Mock,0.021996615905245348,Bacteria,Proteobacteria,Gammaproteobacteria,Enterobacterales,Enterobacteriaceae,Enterobacter,Enterobacter cloacae complex sp.
LKMN002-3-94_S293,TIGR02082,Cronobacter sakazakii,28141,S,2,3,5,metH,1182,1173,99.23857868,3519,16173,Cobamide dependent enzymes,Mock,Mock,0.004230118443316413,Bacteria,Proteobacteria,Gammaproteobacteria,Enterobacterales,Enterobacteriaceae,Cronobacter,Cronobacter sakazakii
LKMN002-3-94_S293,TIGR02082,Salmonella enterica,28901,S,1,5,6,metH,1182,1173,99.23857868,3519,16173,Cobamide dependent enzymes,Mock,Mock,0.005076142131979695,Bacteria,Proteobacteria,Gammaproteobacteria,Enterobacterales,Enterobacteriaceae,Salmonella,Salmonella enterica
LKMN002-3-94_S293,TIGR02082,Shigella dysenteriae,622,S,1,241,242,metH,1182,1173,99.23857868,3519,16173,Cobamide dependent enzymes,Mock,Mock,0.20473773265651438,Bacteria,Proteobacteria,Gammaproteobacteria,Enterobacterales,Enterobacteriaceae,Shigella,Shigella dysenteriae
LKMN002-3-94_S293,TIGR02082,Pectobacterium carotovorum,554,S,1,1,2,metH,1182,1173,99.23857868,3519,16173,Cobamide dependent enzymes,Mock,Mock,0.001692047377326565,Bacteria,Proteobacteria,Gammaproteobacteria,Enterobacterales,Pectobacteriaceae,Pectobacterium,Pectobacterium carotovorum
LKMN002-3-94_S293,TIGR02082,Nissabacter sp. SGAir0207,2126321,S,1,0,1,metH,1182,1173,99.23857868,3519,16173,Cobamide dependent enzymes,Mock,Mock,8.460236886632825e-4,Bacteria,Proteobacteria,Gammaproteobacteria,Enterobacterales,Yersiniaceae,Nissabacter,Nissabacter sp. SGAir0207
LKMN002-3-94_S293,TIGR02082,Pseudomonas aeruginosa,287,S,179,64,243,metH,1182,1173,99.23857868,3519,16173,Cobamide dependent enzymes,Mock,Mock,0.20558375634517767,Bacteria,Proteobacteria,Gammaproteobacteria,Pseudomonadales,Pseudomonadaceae,Pseudomonas,Pseudomonas aeruginosa
LKMN002-3-94_S293,TIGR02082,Acinetobacter baumannii,470,S,9,6,15,metH,1182,1173,99.23857868,3519,16173,Cobamide dependent enzymes,Mock,Mock,0.012690355329949238,Bacteria,Proteobacteria,Gammaproteobacteria,Pseudomonadales,Moraxellaceae,Acinetobacter,Acinetobacter baumannii
LKMN002-3-94_S293,TIGR02082,Bacillus cereus,1396,S,33,162,195,metH,1182,1173,99.23857868,3519,16173,Cobamide dependent enzymes,Mock,Mock,0.1649746192893401,Bacteria,Firmicutes,Bacilli,Bacillales,Bacillaceae,Bacillus,Bacillus cereus
LKMN002-3-94_S293,TIGR02082,Bacillus tropicus,2026188,S,3,42,45,metH,1182,1173,99.23857868,3519,16173,Cobamide dependent enzymes,Mock,Mock,0.03807106598984772,Bacteria,Firmicutes,Bacilli,Bacillales,Bacillaceae,Bacillus,Bacillus tropicus
LKMN002-3-94_S293,TIGR02082,Staphylococcus epidermidis,1282,S,73,3,76,metH,1182,1173,99.23857868,3519,16173,Cobamide dependent enzymes,Mock,Mock,0.06429780033840947,Bacteria,Firmicutes,Bacilli,Bacillales,Staphylococcaceae,Staphylococcus,Staphylococcus epidermidis
LKMN002-3-94_S293,TIGR02082,Clostridium beijerinckii,1520,S,99,6,105,metH,1182,1173,99.23857868,3519,16173,Cobamide dependent enzymes,Mock,Mock,0.08883248730964467,Bacteria,Firmicutes,Clostridia,Clostridiales,Clostridiaceae,Clostridium,Clostridium beijerinckii
LKMN002-3-94_S293,TIGR02082,Clostridium sp. DL-VIII,641107,S,1,0,1,metH,1182,1173,99.23857868,3519,16173,Cobamide dependent enzymes,Mock,Mock,8.460236886632825e-4,Bacteria,Firmicutes,Clostridia,Clostridiales,Clostridiaceae,Clostridium,Clostridium sp. DL-VIII
LKMN002-3-94_S293,TIGR02082,Deinococcus radiodurans,1299,S,4,0,4,metH,1182,1173,99.23857868,3519,16173,Cobamide dependent enzymes,Mock,Mock,0.00338409475465313,Bacteria,Deinococcus-Thermus,Deinococci,Deinococcales,Deinococcaceae,Deinococcus,Deinococcus radiodurans
LKMN002-3-94_S293,TIGR02082,Phocaeicola vulgatus,821,S,1,0,1,metH,1182,1173,99.23857868,3519,16173,Cobamide dependent enzymes,Mock,Mock,8.460236886632825e-4,Bacteria,Bacteroidetes,Bacteroidia,Bacteroidales,Order Bacteroidales,Phocaeicola,Phocaeicola vulgatus
LKMN002-3-94_S293,TIGR02467,Porphyromonas gingivalis,837,S,81,0,81,cobL,204,103,50.49019608,309,16173,Cobamide biosynthesis,Mock,Mock,0.39705882352941174,Bacteria,Bacteroidetes,Bacteroidia,Bacteroidales,Porphyromonadaceae,Porphyromonas,Porphyromonas gingivalis
LKMN002-3-94_S293,TIGR02467,Pseudomonas aeruginosa,287,S,4,0,4,cobL,204,103,50.49019608,309,16173,Cobamide biosynthesis,Mock,Mock,0.0196078431372549,Bacteria,Proteobacteria,Gammaproteobacteria,Pseudomonadales,Pseudomonadaceae,Pseudomonas,Pseudomonas aeruginosa
LKMN002-3-94_S293,TIGR02467,Clostridium beijerinckii,1520,S,2,0,2,cobL,204,103,50.49019608,309,16173,Cobamide biosynthesis,Mock,Mock,0.00980392156862745,Bacteria,Firmicutes,Clostridia,Clostridiales,Clostridiaceae,Clostridium,Clostridium beijerinckii
LKMN002-3-94_S293,TIGR02469,Porphyromonas gingivalis,837,S,60,0,60,cobL,124,68,54.83870968,204,16173,Cobamide biosynthesis,Mock,Mock,0.4838709677419355,Bacteria,Bacteroidetes,Bacteroidia,Bacteroidales,Porphyromonadaceae,Porphyromonas,Porphyromonas gingivalis
LKMN002-3-94_S293,TIGR02469,Luteovulum sphaeroides,1063,S,40,0,40,cobL,124,68,54.83870968,204,16173,Cobamide biosynthesis,Mock,Mock,0.3225806451612903,Bacteria,Proteobacteria,Alphaproteobacteria,Rhodobacterales,Rhodobacteraceae,Luteovulum,Luteovulum sphaeroides
LKMN002-3-94_S293,TIGR02469,Pseudomonas aeruginosa,287,S,4,0,4,cobL,124,68,54.83870968,204,16173,Cobamide biosynthesis,Mock,Mock,0.03225806451612903,Bacteria,Proteobacteria,Gammaproteobacteria,Pseudomonadales,Pseudomonadaceae,Pseudomonas,Pseudomonas aeruginosa
LKMN002-3-94_S293,TIGR02469,Cutibacterium acnes,1747,S,2,0,2,cobL,124,68,54.83870968,204,16173,Cobamide biosynthesis,Mock,Mock,0.016129032258064516,Bacteria,Actinobacteria,Actinomycetia,Propionibacteriales,Propionibacteriaceae,Cutibacterium,Cutibacterium acnes
LKMN002-3-94_S293,TIGR02476,Luteovulum sphaeroides,1063,S,499,0,499,bluB,205,202,98.53658537,606,16173,Cobamide biosynthesis,Mock,Mock,2.4341463414634146,Bacteria,Proteobacteria,Alphaproteobacteria,Rhodobacterales,Rhodobacteraceae,Luteovulum,Luteovulum sphaeroides
LKMN002-3-94_S293,TIGR02476,Pseudomonas aeruginosa,287,S,28,0,28,bluB,205,202,98.53658537,606,16173,Cobamide biosynthesis,Mock,Mock,0.13658536585365855,Bacteria,Proteobacteria,Gammaproteobacteria,Pseudomonadales,Pseudomonadaceae,Pseudomonas,Pseudomonas aeruginosa
LKMN002-3-94_S293,TIGR02476,Porphyromonas gingivalis,837,S,57,0,57,bluB,205,202,98.53658537,606,16173,Cobamide biosynthesis,Mock,Mock,0.2780487804878049,Bacteria,Bacteroidetes,Bacteroidia,Bacteroidales,Porphyromonadaceae,Porphyromonas,Porphyromonas gingivalis
LKMN002-3-94_S293,TIGR02476,Clostridium beijerinckii,1520,S,2,0,2,bluB,205,202,98.53658537,606,16173,Cobamide biosynthesis,Mock,Mock,0.00975609756097561,Bacteria,Firmicutes,Clostridia,Clostridiales,Clostridiaceae,Clostridium,Clostridium beijerinckii
LKMN002-3-94_S293,TIGR02476,Cutibacterium acnes,1747,S,1,0,1,bluB,205,202,98.53658537,606,16173,Cobamide biosynthesis,Mock,Mock,0.004878048780487805,Bacteria,Actinobacteria,Actinomycetia,Propionibacteriales,Propionibacteriaceae,Cutibacterium,Cutibacterium acnes
LKMN002-3-94_S293,TIGR02504,Luteovulum sphaeroides,1063,S,1322,79,1401,nrdJ_Z,606,514,84.81848185,1542,16173,Cobamide dependent enzymes,Mock,Mock,2.3118811881188117,Bacteria,Proteobacteria,Alphaproteobacteria,Rhodobacterales,Rhodobacteraceae,Luteovulum,Luteovulum sphaeroides
LKMN002-3-94_S293,TIGR02504,Roseibacterium elongatum,159346,S,1,0,1,nrdJ_Z,606,514,84.81848185,1542,16173,Cobamide dependent enzymes,Mock,Mock,0.0016501650165016502,Bacteria,Proteobacteria,Alphaproteobacteria,Rhodobacterales,Rhodobacteraceae,Roseibacterium,Roseibacterium elongatum
LKMN002-3-94_S293,TIGR02504,Pseudomonas aeruginosa,287,S,81,76,157,nrdJ_Z,606,514,84.81848185,1542,16173,Cobamide dependent enzymes,Mock,Mock,0.2590759075907591,Bacteria,Proteobacteria,Gammaproteobacteria,Pseudomonadales,Pseudomonadaceae,Pseudomonas,Pseudomonas aeruginosa
LKMN002-3-94_S293,TIGR02504,Acinetobacter baumannii,470,S,4,6,10,nrdJ_Z,606,514,84.81848185,1542,16173,Cobamide dependent enzymes,Mock,Mock,0.0165016501650165,Bacteria,Proteobacteria,Gammaproteobacteria,Pseudomonadales,Moraxellaceae,Acinetobacter,Acinetobacter baumannii
LKMN002-3-94_S293,TIGR02504,Porphyromonas gingivalis,837,S,748,0,748,nrdJ_Z,606,514,84.81848185,1542,16173,Cobamide dependent enzymes,Mock,Mock,1.2343234323432344,Bacteria,Bacteroidetes,Bacteroidia,Bacteroidales,Porphyromonadaceae,Porphyromonas,Porphyromonas gingivalis
LKMN002-3-94_S293,TIGR02504,Staphylococcus epidermidis,1282,S,9,0,9,nrdJ_Z,606,514,84.81848185,1542,16173,Cobamide dependent enzymes,Mock,Mock,0.01485148514851485,Bacteria,Firmicutes,Bacilli,Bacillales,Staphylococcaceae,Staphylococcus,Staphylococcus epidermidis
LKMN002-3-94_S293,TIGR02504,Cutibacterium acnes,1747,S,5,0,5,nrdJ_Z,606,514,84.81848185,1542,16173,Cobamide dependent enzymes,Mock,Mock,0.00825082508250825,Bacteria,Actinobacteria,Actinomycetia,Propionibacteriales,Propionibacteriaceae,Cutibacterium,Cutibacterium acnes
LKMN002-3-94_S293,TIGR02505,Clostridium beijerinckii,1520,S,3,0,3,rptR,724,199,27.48618785,597,16173,Cobamide dependent enzymes,Mock,Mock,0.004143646408839779,Bacteria,Firmicutes,Clostridia,Clostridiales,Clostridiaceae,Clostridium,Clostridium beijerinckii
LKMN002-3-94_S293,TIGR02505,Lactobacillus gasseri,1596,S,2,0,2,rptR,724,199,27.48618785,597,16173,Cobamide dependent enzymes,Mock,Mock,0.0027624309392265192,Bacteria,Firmicutes,Bacilli,Lactobacillales,Lactobacillaceae,Lactobacillus,Lactobacillus gasseri
LKMN002-3-95_S294,PF02283_seed,Cutibacterium acnes,1747,S,404,0,404,cobP_cobU,167,166,99.4011976,498,19187,Cobamide biosynthesis,Mock,Mock,2.4191616766467066,Bacteria,Actinobacteria,Actinomycetia,Propionibacteriales,Propionibacteriaceae,Cutibacterium,Cutibacterium acnes
LKMN002-3-95_S294,PF02283_seed,Acinetobacter johnsonii,40214,S,303,2,305,cobP_cobU,167,166,99.4011976,498,19187,Cobamide biosynthesis,Mock,Mock,1.8263473053892216,Bacteria,Proteobacteria,Gammaproteobacteria,Pseudomonadales,Moraxellaceae,Acinetobacter,Acinetobacter johnsonii
LKMN002-3-95_S294,PF02570_seed,Cutibacterium acnes,1747,S,416,0,416,cobH_cbiC,196,195,99.48979592,585,19187,Cobamide biosynthesis,Mock,Mock,2.122448979591837,Bacteria,Actinobacteria,Actinomycetia,Propionibacteriales,Propionibacteriaceae,Cutibacterium,Cutibacterium acnes
LKMN002-3-95_S294,PF06751_seed,Acinetobacter johnsonii,40214,S,1371,128,1499,eutB,436,432,99.08256881,1296,19187,Cobamide dependent enzymes,Mock,Mock,3.438073394495413,Bacteria,Proteobacteria,Gammaproteobacteria,Pseudomonadales,Moraxellaceae,Acinetobacter,Acinetobacter johnsonii
LKMN002-3-95_S294,PF06751_seed,Pseudomonas sp. FDAARGOS_380,2018067,S,1,0,1,eutB,436,432,99.08256881,1296,19187,Cobamide dependent enzymes,Mock,Mock,0.0022935779816513763,Bacteria,Proteobacteria,Gammaproteobacteria,Pseudomonadales,Pseudomonadaceae,Pseudomonas,Pseudomonas sp. FDAARGOS_380
LKMN002-3-95_S294,PF16552_seed,Cutibacterium acnes,1747,S,468,0,468,D-ornithine aminomutase,115,105,91.30434783,315,19187,Cobamide dependent enzymes,Mock,Mock,4.069565217391304,Bacteria,Actinobacteria,Actinomycetia,Propionibacteriales,Propionibacteriaceae,Cutibacterium,Cutibacterium acnes
LKMN002-3-95_S294,TIGR00086,Micrococcus luteus,1270,S,432,4,436,smpB,144,144,100,432,19187,Single copy genes,Mock,Mock,3.0277777777777777,Bacteria,Actinobacteria,Actinomycetia,Micrococcales,Micrococcaceae,Micrococcus,Micrococcus luteus
LKMN002-3-95_S294,TIGR00086,Corynebacterium striatum,43770,S,384,0,384,smpB,144,144,100,432,19187,Single copy genes,Mock,Mock,2.6666666666666665,Bacteria,Actinobacteria,Actinomycetia,Corynebacteriales,Corynebacteriaceae,Corynebacterium,Corynebacterium striatum
LKMN002-3-95_S294,TIGR00086,Cutibacterium acnes,1747,S,342,0,342,smpB,144,144,100,432,19187,Single copy genes,Mock,Mock,2.375,Bacteria,Actinobacteria,Actinomycetia,Propionibacteriales,Propionibacteriaceae,Cutibacterium,Cutibacterium acnes
LKMN002-3-95_S294,TIGR00086,Streptococcus mitis,28037,S,276,31,307,smpB,144,144,100,432,19187,Single copy genes,Mock,Mock,2.1319444444444446,Bacteria,Firmicutes,Bacilli,Lactobacillales,Streptococcaceae,Streptococcus,Streptococcus mitis
LKMN002-3-95_S294,TIGR00086,Staphylococcus epidermidis,1282,S,254,1,255,smpB,144,144,100,432,19187,Single copy genes,Mock,Mock,1.7708333333333333,Bacteria,Firmicutes,Bacilli,Bacillales,Staphylococcaceae,Staphylococcus,Staphylococcus epidermidis
LKMN002-3-95_S294,TIGR00086,Acinetobacter johnsonii,40214,S,127,123,250,smpB,144,144,100,432,19187,Single copy genes,Mock,Mock,1.7361111111111112,Bacteria,Proteobacteria,Gammaproteobacteria,Pseudomonadales,Moraxellaceae,Acinetobacter,Acinetobacter johnsonii
LKMN002-3-95_S294,TIGR00086,Acinetobacter sp. LoGeW2-3,1808001,S,1,0,1,smpB,144,144,100,432,19187,Single copy genes,Mock,Mock,0.006944444444444444,Bacteria,Proteobacteria,Gammaproteobacteria,Pseudomonadales,Moraxellaceae,Acinetobacter,Acinetobacter sp. LoGeW2-3
LKMN002-3-95_S294,TIGR00276,Acinetobacter johnsonii,40214,S,679,66,745,queG,337,316,93.76854599,948,19187,Cobamide dependent enzymes,Mock,Mock,2.2106824925816024,Bacteria,Proteobacteria,Gammaproteobacteria,Pseudomonadales,Moraxellaceae,Acinetobacter,Acinetobacter johnsonii
LKMN002-3-95_S294,TIGR00276,Halomonas sp. 1513,1883416,S,1,0,1,queG,337,316,93.76854599,948,19187,Cobamide dependent enzymes,Mock,Mock,0.002967359050445104,Bacteria,Proteobacteria,Gammaproteobacteria,Oceanospirillales,Halomonadaceae,Halomonas,Halomonas sp. 1513
LKMN002-3-95_S294,TIGR00276,Bradyrhizobium guangzhouense,1325095,S,2,0,2,queG,337,316,93.76854599,948,19187,Cobamide dependent enzymes,Mock,Mock,0.005934718100890208,Bacteria,Proteobacteria,Alphaproteobacteria,Rhizobiales,Bradyrhizobiaceae,Bradyrhizobium,Bradyrhizobium guangzhouense
LKMN002-3-95_S294,TIGR00276,Staphylococcus epidermidis,1282,S,410,0,410,queG,337,316,93.76854599,948,19187,Cobamide dependent enzymes,Mock,Mock,1.2166172106824926,Bacteria,Firmicutes,Bacilli,Bacillales,Staphylococcaceae,Staphylococcus,Staphylococcus epidermidis
LKMN002-3-95_S294,TIGR00313,Cutibacterium acnes,1747,S,800,0,800,cobQ_cbiP,477,297,62.26415094,891,19187,Cobamide biosynthesis,Mock,Mock,1.6771488469601676,Bacteria,Actinobacteria,Actinomycetia,Propionibacteriales,Propionibacteriaceae,Cutibacterium,Cutibacterium acnes
LKMN002-3-95_S294,TIGR00317,Acinetobacter johnsonii,40214,S,153,1,154,cobS,241,88,36.51452282,264,19187,Cobamide biosynthesis,Mock,Mock,0.6390041493775933,Bacteria,Proteobacteria,Gammaproteobacteria,Pseudomonadales,Moraxellaceae,Acinetobacter,Acinetobacter johnsonii
LKMN002-3-95_S294,TIGR00317,Cutibacterium acnes,1747,S,71,0,71,cobS,241,88,36.51452282,264,19187,Cobamide biosynthesis,Mock,Mock,0.2946058091286307,Bacteria,Actinobacteria,Actinomycetia,Propionibacteriales,Propionibacteriaceae,Cutibacterium,Cutibacterium acnes
LKMN002-3-95_S294,TIGR00379,Cutibacterium acnes,1747,S,276,0,276,cobB_cbiA,449,200,44.54342984,600,19187,Cobamide biosynthesis,Mock,Mock,0.6146993318485523,Bacteria,Actinobacteria,Actinomycetia,Propionibacteriales,Propionibacteriaceae,Cutibacterium,Cutibacterium acnes
LKMN002-3-95_S294,TIGR00380,Cutibacterium acnes,1747,S,189,0,189,cobD_cbiB,305,79,25.90163934,237,19187,Cobamide biosynthesis,Mock,Mock,0.6196721311475409,Bacteria,Actinobacteria,Actinomycetia,Propionibacteriales,Propionibacteriaceae,Cutibacterium,Cutibacterium acnes
LKMN002-3-95_S294,TIGR00642,Cutibacterium acnes,1747,S,1841,0,1841,mutA,642,553,86.13707165,1659,19187,Cobamide dependent enzymes,Mock,Mock,2.867601246105919,Bacteria,Actinobacteria,Actinomycetia,Propionibacteriales,Propionibacteriaceae,Cutibacterium,Cutibacterium acnes
LKMN002-3-95_S294,TIGR01465,Cutibacterium acnes,1747,S,886,0,886,cobM_cbiF,247,247,100,741,19187,Cobamide biosynthesis,Mock,Mock,3.5870445344129553,Bacteria,Actinobacteria,Actinomycetia,Propionibacteriales,Propionibacteriaceae,Cutibacterium,Cutibacterium acnes
LKMN002-3-95_S294,TIGR01466,Cutibacterium acnes,1747,S,521,0,521,cobJ_cbiH,239,164,68.61924686,492,19187,Cobamide biosynthesis,Mock,Mock,2.1799163179916317,Bacteria,Actinobacteria,Actinomycetia,Propionibacteriales,Propionibacteriaceae,Cutibacterium,Cutibacterium acnes
LKMN002-3-95_S294,TIGR01467,Cutibacterium acnes,1747,S,360,0,360,cobI_cbiL,230,142,61.73913043,426,19187,Cobamide biosynthesis,Mock,Mock,1.565217391304348,Bacteria,Actinobacteria,Actinomycetia,Propionibacteriales,Propionibacteriaceae,Cutibacterium,Cutibacterium acnes
LKMN002-3-95_S294,TIGR01953,Cutibacterium acnes,1747,S,614,0,614,nusA,340,242,71.17647059,726,19187,Single copy genes,Mock,Mock,1.8058823529411765,Bacteria,Actinobacteria,Actinomycetia,Propionibacteriales,Propionibacteriaceae,Cutibacterium,Cutibacterium acnes
LKMN002-3-95_S294,TIGR01953,Corynebacterium striatum,43770,S,528,0,528,nusA,340,242,71.17647059,726,19187,Single copy genes,Mock,Mock,1.5529411764705883,Bacteria,Actinobacteria,Actinomycetia,Corynebacteriales,Corynebacteriaceae,Corynebacterium,Corynebacterium striatum
LKMN002-3-95_S294,TIGR01953,Micrococcus luteus,1270,S,444,7,451,nusA,340,242,71.17647059,726,19187,Single copy genes,Mock,Mock,1.326470588235294,Bacteria,Actinobacteria,Actinomycetia,Micrococcales,Micrococcaceae,Micrococcus,Micrococcus luteus
LKMN002-3-95_S294,TIGR01953,Streptococcus mitis,28037,S,200,133,333,nusA,340,242,71.17647059,726,19187,Single copy genes,Mock,Mock,0.9794117647058823,Bacteria,Firmicutes,Bacilli,Lactobacillales,Streptococcaceae,Streptococcus,Streptococcus mitis
LKMN002-3-95_S294,TIGR01953,Staphylococcus epidermidis,1282,S,290,0,290,nusA,340,242,71.17647059,726,19187,Single copy genes,Mock,Mock,0.8529411764705882,Bacteria,Firmicutes,Bacilli,Bacillales,Staphylococcaceae,Staphylococcus,Staphylococcus epidermidis
LKMN002-3-95_S294,TIGR01953,Acinetobacter johnsonii,40214,S,180,270,450,nusA,340,242,71.17647059,726,19187,Single copy genes,Mock,Mock,1.3235294117647058,Bacteria,Proteobacteria,Gammaproteobacteria,Pseudomonadales,Moraxellaceae,Acinetobacter,Acinetobacter johnsonii
LKMN002-3-95_S294,TIGR01953,Acinetobacter sp. NCu2D-2,1608473,S,1,0,1,nusA,340,242,71.17647059,726,19187,Single copy genes,Mock,Mock,0.0029411764705882353,Bacteria,Proteobacteria,Gammaproteobacteria,Pseudomonadales,Moraxellaceae,Acinetobacter,Acinetobacter sp. NCu2D-2
LKMN002-3-95_S294,TIGR01953,Acinetobacter wuhouensis,1879050,S,1,0,1,nusA,340,242,71.17647059,726,19187,Single copy genes,Mock,Mock,0.0029411764705882353,Bacteria,Proteobacteria,Gammaproteobacteria,Pseudomonadales,Moraxellaceae,Acinetobacter,Acinetobacter wuhouensis
LKMN002-3-95_S294,TIGR01953,Sphingosinicella microcystinivorans,335406,S,1,0,1,nusA,340,242,71.17647059,726,19187,Single copy genes,Mock,Mock,0.0029411764705882353,Bacteria,Proteobacteria,Alphaproteobacteria,Sphingomonadales,Sphingomonadaceae,Sphingosinicella,Sphingosinicella microcystinivorans
LKMN002-3-95_S294,TIGR02013,Cutibacterium acnes,1747,S,3995,15,4010,rpoB,1238,1093,88.28756058,3279,19187,Single copy genes,Mock,Mock,3.2390953150242328,Bacteria,Actinobacteria,Actinomycetia,Propionibacteriales,Propionibacteriaceae,Cutibacterium,Cutibacterium acnes
LKMN002-3-95_S294,TIGR02013,Corynebacterium striatum,43770,S,3477,129,3606,rpoB,1238,1093,88.28756058,3279,19187,Single copy genes,Mock,Mock,2.912762520193861,Bacteria,Actinobacteria,Actinomycetia,Corynebacteriales,Corynebacteriaceae,Corynebacterium,Corynebacterium striatum
LKMN002-3-95_S294,TIGR02013,Corynebacterium mycetoides,38302,S,1,0,1,rpoB,1238,1093,88.28756058,3279,19187,Single copy genes,Mock,Mock,8.077544426494346e-4,Bacteria,Actinobacteria,Actinomycetia,Corynebacteriales,Corynebacteriaceae,Corynebacterium,Corynebacterium mycetoides
LKMN002-3-95_S294,TIGR02013,Nocardia yunnanensis,2382165,S,1,0,1,rpoB,1238,1093,88.28756058,3279,19187,Single copy genes,Mock,Mock,8.077544426494346e-4,Bacteria,Actinobacteria,Actinomycetia,Corynebacteriales,Nocardiaceae,Nocardia,Nocardia yunnanensis
LKMN002-3-95_S294,TIGR02013,Micrococcus luteus,1270,S,1245,1463,2708,rpoB,1238,1093,88.28756058,3279,19187,Single copy genes,Mock,Mock,2.1873990306946687,Bacteria,Actinobacteria,Actinomycetia,Micrococcales,Micrococcaceae,Micrococcus,Micrococcus luteus
LKMN002-3-95_S294,TIGR02013,Auritidibacter sp. NML130574,2170745,S,2,0,2,rpoB,1238,1093,88.28756058,3279,19187,Single copy genes,Mock,Mock,0.0016155088852988692,Bacteria,Actinobacteria,Actinomycetia,Micrococcales,Micrococcaceae,Auritidibacter,Auritidibacter sp. NML130574
LKMN002-3-95_S294,TIGR02013,Rothia mucilaginosa,43675,S,1,0,1,rpoB,1238,1093,88.28756058,3279,19187,Single copy genes,Mock,Mock,8.077544426494346e-4,Bacteria,Actinobacteria,Actinomycetia,Micrococcales,Micrococcaceae,Rothia,Rothia mucilaginosa
LKMN002-3-95_S294,TIGR02013,Mycetocola sp. JXN-3,2116510,S,1,0,1,rpoB,1238,1093,88.28756058,3279,19187,Single copy genes,Mock,Mock,8.077544426494346e-4,Bacteria,Actinobacteria,Actinomycetia,Micrococcales,Microbacteriaceae,Mycetocola,Mycetocola sp. JXN-3
LKMN002-3-95_S294,TIGR02013,Actinomyces howellii,52771,S,1,0,1,rpoB,1238,1093,88.28756058,3279,19187,Single copy genes,Mock,Mock,8.077544426494346e-4,Bacteria,Actinobacteria,Actinomycetia,Actinomycetales,Actinomycetaceae,Actinomyces,Actinomyces howellii
LKMN002-3-95_S294,TIGR02013,Actinomyces gaoshouyii,1960083,S,1,0,1,rpoB,1238,1093,88.28756058,3279,19187,Single copy genes,Mock,Mock,8.077544426494346e-4,Bacteria,Actinobacteria,Actinomycetia,Actinomycetales,Actinomycetaceae,Actinomyces,Actinomyces gaoshouyii
LKMN002-3-95_S294,TIGR02013,Streptococcus mitis,28037,S,2241,816,3057,rpoB,1238,1093,88.28756058,3279,19187,Single copy genes,Mock,Mock,2.4693053311793216,Bacteria,Firmicutes,Bacilli,Lactobacillales,Streptococcaceae,Streptococcus,Streptococcus mitis
LKMN002-3-95_S294,TIGR02013,Streptococcus sp. 116-D4,2598453,S,1,0,1,rpoB,1238,1093,88.28756058,3279,19187,Single copy genes,Mock,Mock,8.077544426494346e-4,Bacteria,Firmicutes,Bacilli,Lactobacillales,Streptococcaceae,Streptococcus,Streptococcus sp. 116-D4
LKMN002-3-95_S294,TIGR02013,Streptococcus pseudoporcinus,361101,S,1,0,1,rpoB,1238,1093,88.28756058,3279,19187,Single copy genes,Mock,Mock,8.077544426494346e-4,Bacteria,Firmicutes,Bacilli,Lactobacillales,Streptococcaceae,Streptococcus,Streptococcus pseudoporcinus
LKMN002-3-95_S294,TIGR02013,Lactococcus sp. KACC 19320,2592653,S,1,0,1,rpoB,1238,1093,88.28756058,3279,19187,Single copy genes,Mock,Mock,8.077544426494346e-4,Bacteria,Firmicutes,Bacilli,Lactobacillales,Streptococcaceae,Lactococcus,Lactococcus sp. KACC 19320
LKMN002-3-95_S294,TIGR02013,Staphylococcus epidermidis,1282,S,2414,12,2426,rpoB,1238,1093,88.28756058,3279,19187,Single copy genes,Mock,Mock,1.9596122778675282,Bacteria,Firmicutes,Bacilli,Bacillales,Staphylococcaceae,Staphylococcus,Staphylococcus epidermidis
LKMN002-3-95_S294,TIGR02013,Staphylococcus lugdunensis,28035,S,1,0,1,rpoB,1238,1093,88.28756058,3279,19187,Single copy genes,Mock,Mock,8.077544426494346e-4,Bacteria,Firmicutes,Bacilli,Bacillales,Staphylococcaceae,Staphylococcus,Staphylococcus lugdunensis
LKMN002-3-95_S294,TIGR02013,Macrococcus caseolyticus,69966,S,1,0,1,rpoB,1238,1093,88.28756058,3279,19187,Single copy genes,Mock,Mock,8.077544426494346e-4,Bacteria,Firmicutes,Bacilli,Bacillales,Staphylococcaceae,Macrococcus,Macrococcus caseolyticus
LKMN002-3-95_S294,TIGR02013,Acinetobacter johnsonii,40214,S,1593,1735,3328,rpoB,1238,1093,88.28756058,3279,19187,Single copy genes,Mock,Mock,2.6882067851373184,Bacteria,Proteobacteria,Gammaproteobacteria,Pseudomonadales,Moraxellaceae,Acinetobacter,Acinetobacter johnsonii
LKMN002-3-95_S294,TIGR02013,Acinetobacter sp. Marseille-Q1620,2714110,S,1,0,1,rpoB,1238,1093,88.28756058,3279,19187,Single copy genes,Mock,Mock,8.077544426494346e-4,Bacteria,Proteobacteria,Gammaproteobacteria,Pseudomonadales,Moraxellaceae,Acinetobacter,Acinetobacter sp. Marseille-Q1620
LKMN002-3-95_S294,TIGR02013,Acinetobacter sp. C16S1,2609668,S,1,2,3,rpoB,1238,1093,88.28756058,3279,19187,Single copy genes,Mock,Mock,0.0024232633279483036,Bacteria,Proteobacteria,Gammaproteobacteria,Pseudomonadales,Moraxellaceae,Acinetobacter,Acinetobacter sp. C16S1
LKMN002-3-95_S294,TIGR02013,Acinetobacter pittii,48296,S,1,3,4,rpoB,1238,1093,88.28756058,3279,19187,Single copy genes,Mock,Mock,0.0032310177705977385,Bacteria,Proteobacteria,Gammaproteobacteria,Pseudomonadales,Moraxellaceae,Acinetobacter,Acinetobacter pittii
LKMN002-3-95_S294,TIGR02013,Acinetobacter lactucae,1785128,S,1,0,1,rpoB,1238,1093,88.28756058,3279,19187,Single copy genes,Mock,Mock,8.077544426494346e-4,Bacteria,Proteobacteria,Gammaproteobacteria,Pseudomonadales,Moraxellaceae,Acinetobacter,Acinetobacter lactucae
LKMN002-3-95_S294,TIGR02013,Acinetobacter schindleri,108981,S,1,0,1,rpoB,1238,1093,88.28756058,3279,19187,Single copy genes,Mock,Mock,8.077544426494346e-4,Bacteria,Proteobacteria,Gammaproteobacteria,Pseudomonadales,Moraxellaceae,Acinetobacter,Acinetobacter schindleri
LKMN002-3-95_S294,TIGR02013,Acinetobacter wuhouensis,1879050,S,1,0,1,rpoB,1238,1093,88.28756058,3279,19187,Single copy genes,Mock,Mock,8.077544426494346e-4,Bacteria,Proteobacteria,Gammaproteobacteria,Pseudomonadales,Moraxellaceae,Acinetobacter,Acinetobacter wuhouensis
LKMN002-3-95_S294,TIGR02013,Chitinophaga sp. MD30,2033437,S,6,0,6,rpoB,1238,1093,88.28756058,3279,19187,Single copy genes,Mock,Mock,0.004846526655896607,Bacteria,Bacteroidetes,Chitinophagia,Chitinophagales,Chitinophagaceae,Chitinophaga,Chitinophaga sp. MD30
LKMN002-3-95_S294,TIGR02013,Pseudobacter ginsenosidimutans,661488,S,2,0,2,rpoB,1238,1093,88.28756058,3279,19187,Single copy genes,Mock,Mock,0.0016155088852988692,Bacteria,Bacteroidetes,Chitinophagia,Chitinophagales,Chitinophagaceae,Pseudobacter,Pseudobacter ginsenosidimutans
LKMN002-3-95_S294,TIGR02013,Flavobacterium magnum,2162713,S,2,2,4,rpoB,1238,1093,88.28756058,3279,19187,Single copy genes,Mock,Mock,0.0032310177705977385,Bacteria,Bacteroidetes,Flavobacteriia,Flavobacteriales,Flavobacteriaceae,Flavobacterium,Flavobacterium magnum
LKMN002-3-95_S294,TIGR02013,Salinivirga cyanobacteriivorans,1307839,S,3,0,3,rpoB,1238,1093,88.28756058,3279,19187,Single copy genes,Mock,Mock,0.0024232633279483036,Bacteria,Bacteroidetes,Bacteroidia,Marinilabiliales,Salinivirgaceae,Salinivirga,Salinivirga cyanobacteriivorans
LKMN002-3-95_S294,TIGR02013,Alistipes onderdonkii,328813,S,1,0,1,rpoB,1238,1093,88.28756058,3279,19187,Single copy genes,Mock,Mock,8.077544426494346e-4,Bacteria,Bacteroidetes,Bacteroidia,Bacteroidales,Rikenellaceae,Alistipes,Alistipes onderdonkii
LKMN002-3-95_S294,TIGR02082,Acinetobacter johnsonii,40214,S,2714,0,2714,metH,1182,996,84.26395939,2988,19187,Cobamide dependent enzymes,Mock,Mock,2.296108291032149,Bacteria,Proteobacteria,Gammaproteobacteria,Pseudomonadales,Moraxellaceae,Acinetobacter,Acinetobacter johnsonii
LKMN002-3-95_S294,TIGR02082,Acinetobacter lwoffii,28090,S,1,0,1,metH,1182,996,84.26395939,2988,19187,Cobamide dependent enzymes,Mock,Mock,8.460236886632825e-4,Bacteria,Proteobacteria,Gammaproteobacteria,Pseudomonadales,Moraxellaceae,Acinetobacter,Acinetobacter lwoffii
LKMN002-3-95_S294,TIGR02082,Acinetobacter schindleri,108981,S,1,0,1,metH,1182,996,84.26395939,2988,19187,Cobamide dependent enzymes,Mock,Mock,8.460236886632825e-4,Bacteria,Proteobacteria,Gammaproteobacteria,Pseudomonadales,Moraxellaceae,Acinetobacter,Acinetobacter schindleri
LKMN002-3-95_S294,TIGR02082,Ferrimonas lipolytica,2724191,S,1,0,1,metH,1182,996,84.26395939,2988,19187,Cobamide dependent enzymes,Mock,Mock,8.460236886632825e-4,Bacteria,Proteobacteria,Gammaproteobacteria,Alteromonadales,Ferrimonadaceae,Ferrimonas,Ferrimonas lipolytica
LKMN002-3-95_S294,TIGR02082,Methylobacillus flagellatus,405,S,2,0,2,metH,1182,996,84.26395939,2988,19187,Cobamide dependent enzymes,Mock,Mock,0.001692047377326565,Bacteria,Proteobacteria,Betaproteobacteria,Nitrosomonadales,Methylophilaceae,Methylobacillus,Methylobacillus flagellatus
LKMN002-3-95_S294,TIGR02082,Staphylococcus epidermidis,1282,S,67,0,67,metH,1182,996,84.26395939,2988,19187,Cobamide dependent enzymes,Mock,Mock,0.05668358714043993,Bacteria,Firmicutes,Bacilli,Bacillales,Staphylococcaceae,Staphylococcus,Staphylococcus epidermidis
LKMN002-3-95_S294,TIGR02082,Pontibacter sp. SGAir0037,2571030,S,5,0,5,metH,1182,996,84.26395939,2988,19187,Cobamide dependent enzymes,Mock,Mock,0.004230118443316413,Bacteria,Bacteroidetes,Cytophagia,Cytophagales,Hymenobacteraceae,Pontibacter,Pontibacter sp. SGAir0037
LKMN002-3-95_S294,TIGR02082,Spirosoma montaniterrae,1178516,S,1,0,1,metH,1182,996,84.26395939,2988,19187,Cobamide dependent enzymes,Mock,Mock,8.460236886632825e-4,Bacteria,Bacteroidetes,Cytophagia,Cytophagales,Cytophagaceae,Spirosoma,Spirosoma montaniterrae
LKMN002-3-95_S294,TIGR02082,Pseudocnuella soli,2502779,S,1,0,1,metH,1182,996,84.26395939,2988,19187,Cobamide dependent enzymes,Mock,Mock,8.460236886632825e-4,Bacteria,Bacteroidetes,Chitinophagia,Chitinophagales,Chitinophagaceae,Pseudocnuella,Pseudocnuella soli
LKMN002-3-95_S294,TIGR02082,Ignavibacterium album,591197,S,3,0,3,metH,1182,996,84.26395939,2988,19187,Cobamide dependent enzymes,Mock,Mock,0.0025380710659898475,Bacteria,Ignavibacteriae,Ignavibacteria,Ignavibacteriales,Ignavibacteriaceae,Ignavibacterium,Ignavibacterium album
LKMN002-3-95_S294,TIGR02467,Cutibacterium acnes,1747,S,46,0,46,cobL,204,62,30.39215686,186,19187,Cobamide biosynthesis,Mock,Mock,0.22549019607843138,Bacteria,Actinobacteria,Actinomycetia,Propionibacteriales,Propionibacteriaceae,Cutibacterium,Cutibacterium acnes
LKMN002-3-95_S294,TIGR02469,Cutibacterium acnes,1747,S,101,0,101,cobL,124,55,44.35483871,165,19187,Cobamide biosynthesis,Mock,Mock,0.8145161290322581,Bacteria,Actinobacteria,Actinomycetia,Propionibacteriales,Propionibacteriaceae,Cutibacterium,Cutibacterium acnes
LKMN002-3-95_S294,TIGR02476,Cutibacterium acnes,1747,S,296,0,296,bluB,205,196,95.6097561,588,19187,Cobamide biosynthesis,Mock,Mock,1.4439024390243902,Bacteria,Actinobacteria,Actinomycetia,Propionibacteriales,Propionibacteriaceae,Cutibacterium,Cutibacterium acnes
LKMN002-3-95_S294,TIGR02476,Acinetobacter johnsonii,40214,S,35,0,35,bluB,205,196,95.6097561,588,19187,Cobamide biosynthesis,Mock,Mock,0.17073170731707318,Bacteria,Proteobacteria,Gammaproteobacteria,Pseudomonadales,Moraxellaceae,Acinetobacter,Acinetobacter johnsonii
LKMN002-3-95_S294,TIGR02504,Cutibacterium acnes,1747,S,999,0,999,nrdJ_Z,606,455,75.08250825,1365,19187,Cobamide dependent enzymes,Mock,Mock,1.6485148514851484,Bacteria,Actinobacteria,Actinomycetia,Propionibacteriales,Propionibacteriaceae,Cutibacterium,Cutibacterium acnes
LKMN002-3-95_S294,TIGR02504,Acinetobacter johnsonii,40214,S,243,37,280,nrdJ_Z,606,455,75.08250825,1365,19187,Cobamide dependent enzymes,Mock,Mock,0.46204620462046203,Bacteria,Proteobacteria,Gammaproteobacteria,Pseudomonadales,Moraxellaceae,Acinetobacter,Acinetobacter johnsonii
LKMN002-3-95_S294,TIGR02504,Acinetobacter baumannii,470,S,1,0,1,nrdJ_Z,606,455,75.08250825,1365,19187,Cobamide dependent enzymes,Mock,Mock,0.0016501650165016502,Bacteria,Proteobacteria,Gammaproteobacteria,Pseudomonadales,Moraxellaceae,Acinetobacter,Acinetobacter baumannii
LKMN002-3-95_S294,TIGR02504,Luteovulum sphaeroides,1063,S,1,0,1,nrdJ_Z,606,455,75.08250825,1365,19187,Cobamide dependent enzymes,Mock,Mock,0.0016501650165016502,Bacteria,Proteobacteria,Alphaproteobacteria,Rhodobacterales,Rhodobacteraceae,Luteovulum,Luteovulum sphaeroides
